extractor,seed,block,method,events,expected,arl0_hat,p_value,dispersion,stream_windows
imagenet,42,layer1,KSWIN,60,29.99735135135135,184.98366666666666,1.845329536220293e-06,1.2592592592592593,11099.02
imagenet,42,layer1,KL-Gauss,33,29.99735135135135,336.33393939393943,0.6305684487342333,0.744107744107744,11099.02
imagenet,42,layer1,KL-Hist,27,29.99735135135135,411.07481481481483,0.6660853591059495,1.1563786008230452,11099.02
imagenet,42,layer1,HDDDM,32,29.99735135135135,346.844375,0.762341681982474,1.0277777777777777,11099.02
imagenet,42,layer1,PSI,29,29.99735135135135,382.7248275862069,0.9518187558646063,1.0306513409961686,11099.02
imagenet,42,layer1,T2,54,29.99735135135135,205.53740740740741,0.00010116789905040395,0.9958847736625512,11099.02
imagenet,42,layer1,Frechet,47,29.99735135135135,236.14936170212766,0.00489272363365632,0.7115839243498818,11099.02
imagenet,42,layer1,MMD,56,29.99735135135135,198.1967857142857,2.8465683022161507e-05,0.8412698412698414,11099.02
imagenet,42,layer1,CUSUM,10523,29.99735135135135,1.0547391428299915,0.0,31.516582723557917,11099.02
imagenet,42,layer1,EWMA,44,29.99735135135135,252.25045454545455,0.01944347440014765,2.232323232323232,11099.02
imagenet,42,layer1,SPE,27,29.99735135135135,411.07481481481483,0.6660853591059495,0.33333333333333326,11099.02
imagenet,42,layer1,CUSUM-R,198,29.99735135135135,56.05565656565657,3.2333137286445645e-91,0.0202020202020202,11099.02
imagenet,42,layer2,KSWIN,26,29.99735135135135,426.8853846153846,0.5349856860331688,0.7863247863247862,11099.02
imagenet,42,layer2,KL-Gauss,24,29.99735135135135,462.4591666666667,0.3147097585278856,0.6666666666666667,11099.02
imagenet,42,layer2,KL-Hist,14,29.99735135135135,792.7871428571428,0.001844086339538801,1.3015873015873018,11099.02
imagenet,42,layer2,HDDDM,14,29.99735135135135,792.7871428571428,0.001844086339538801,0.9841269841269841,11099.02
imagenet,42,layer2,PSI,18,29.99735135135135,616.6122222222223,0.02589541529640437,1.7037037037037042,11099.02
imagenet,42,layer2,T2,28,29.99735135135135,396.3935714285714,0.8065368932206457,0.8571428571428573,11099.02
imagenet,42,layer2,Frechet,33,29.99735135135135,336.33393939393943,0.6305684487342333,0.6094276094276094,11099.02
imagenet,42,layer2,MMD,65,29.99735135135135,170.75415384615386,4.23070044612401e-08,0.9316239316239316,11099.02
imagenet,42,layer2,CUSUM,9048,29.99735135135135,1.2266821396993812,0.0,208.33475783475785,11099.02
imagenet,42,layer2,EWMA,28,29.99735135135135,396.3935714285714,0.8065368932206457,0.6190476190476191,11099.02
imagenet,42,layer2,SPE,54,29.99735135135135,205.53740740740741,0.00010116789905040395,0.46090534979423864,11099.02
imagenet,42,layer2,CUSUM-R,84,29.99735135135135,132.13119047619048,1.0363520768168395e-15,0.08465608465608465,11099.02
imagenet,42,layer3,KSWIN,42,29.99735135135135,264.26238095238097,0.04416006020562359,2.158730158730159,11099.02
imagenet,42,layer3,KL-Gauss,18,29.99735135135135,616.6122222222223,0.02589541529640437,0.5925925925925924,11099.02
imagenet,42,layer3,KL-Hist,29,29.99735135135135,382.7248275862069,0.9518187558646063,1.5670498084291191,11099.02
imagenet,42,layer3,HDDDM,30,29.99735135135135,369.96733333333333,1.0,0.8888888888888888,11099.02
imagenet,42,layer3,PSI,30,29.99735135135135,369.96733333333333,1.0,1.4074074074074074,11099.02
imagenet,42,layer3,T2,31,29.99735135135135,358.0329032258065,0.9029122081784053,1.2508960573476704,11099.02
imagenet,42,layer3,Frechet,22,29.99735135135135,504.5009090909091,0.16127648623203544,1.2929292929292928,11099.02
imagenet,42,layer3,MMD,21,29.99735135135135,528.5247619047619,0.10898833848711728,1.2116402116402116,11099.02
imagenet,42,layer3,CUSUM,7505,29.99735135135135,1.4788834110592939,0.0,366.292471685543,11099.02
imagenet,42,layer3,EWMA,32,29.99735135135135,346.844375,0.762341681982474,0.9583333333333334,11099.02
imagenet,42,layer3,SPE,112,29.99735135135135,99.09839285714285,3.5048503528610045e-30,1.0873015873015872,11099.02
imagenet,42,layer3,CUSUM-R,82,29.99735135135135,135.3539024390244,8.133894913530687e-15,0.04878048780487806,11099.02
imagenet,42,layer4,KSWIN,46,29.99735135135135,241.28304347826088,0.007902886508320215,0.6859903381642513,11099.02
imagenet,42,layer4,KL-Gauss,52,29.99735135135135,213.4426923076923,0.0003354812952195311,1.3162393162393162,11099.02
imagenet,42,layer4,KL-Hist,27,29.99735135135135,411.07481481481483,0.6660853591059495,1.5679012345679009,11099.02
imagenet,42,layer4,HDDDM,32,29.99735135135135,346.844375,0.762341681982474,1.1666666666666665,11099.02
imagenet,42,layer4,PSI,31,29.99735135135135,358.0329032258065,0.9029122081784053,1.1075268817204302,11099.02
imagenet,42,layer4,T2,86,29.99735135135135,129.05837209302325,1.2602972940283422e-16,1.2713178294573644,11099.02
imagenet,42,layer4,Frechet,31,29.99735135135135,358.0329032258065,0.9029122081784053,1.0358422939068102,11099.02
imagenet,42,layer4,MMD,36,29.99735135135135,308.30611111111114,0.3145269908333174,0.8148148148148149,11099.02
imagenet,42,layer4,CUSUM,2077,29.99735135135135,5.343774675012037,0.0,928.5808056491733,11099.02
imagenet,42,layer4,EWMA,69,29.99735135135135,160.85536231884058,1.5795012618971514e-09,1.3671497584541061,11099.02
imagenet,42,layer4,SPE,69,29.99735135135135,160.85536231884058,1.5795012618971514e-09,0.78743961352657,11099.02
imagenet,42,layer4,CUSUM-R,40,29.99735135135135,277.4755,0.09240763085168613,0.05555555555555555,11099.02
imagenet,42,vae_latent,KSWIN,30,29.99735135135135,369.96733333333333,1.0,0.5925925925925926,11099.02
imagenet,42,vae_latent,KL-Gauss,0,29.99735135135135,inf,1.8764881753442784e-13,,11099.02
imagenet,42,vae_latent,KL-Hist,22,29.99735135135135,504.5009090909091,0.16127648623203544,0.6868686868686869,11099.02
imagenet,42,vae_latent,HDDDM,24,29.99735135135135,462.4591666666667,0.3147097585278856,0.9444444444444446,11099.02
imagenet,42,vae_latent,PSI,11,29.99735135135135,1009.0018181818182,0.00012797422289532895,1.505050505050505,11099.02
imagenet,42,vae_latent,T2,23,29.99735135135135,482.56608695652176,0.2294723966414121,0.7777777777777779,11099.02
imagenet,42,vae_latent,Frechet,28,29.99735135135135,396.3935714285714,0.8065368932206457,0.9365079365079364,11099.02
imagenet,42,vae_latent,MMD,24,29.99735135135135,462.4591666666667,0.3147097585278856,0.851851851851852,11099.02
imagenet,42,vae_latent,CUSUM,4758,29.99735135135135,2.3327070197562003,0.0,645.852038671711,11099.02
imagenet,42,vae_latent,EWMA,20,29.99735135135135,554.951,0.07064031112581588,0.7777777777777778,11099.02
imagenet,42,vae_latent,SPE,9,29.99735135135135,1233.2244444444445,1.4270414025276317e-05,0.8518518518518521,11099.02
imagenet,42,vae_latent,CUSUM-R,31,29.99735135135135,358.0329032258065,0.9029122081784053,0.31899641577060933,11099.02
imagenet,42,pixel,VAE,57,29.99735135135135,194.71964912280703,1.472146458102994e-05,0.820662768031189,11099.02
imagenet,43,layer1,KSWIN,28,29.99735135135135,396.3935714285714,0.8065368932206457,0.6984126984126985,11099.02
imagenet,43,layer1,KL-Gauss,49,29.99735135135135,226.51061224489797,0.001770861896716042,1.9251700680272104,11099.02
imagenet,43,layer1,KL-Hist,25,29.99735135135135,443.9608,0.4169855622387186,1.5333333333333334,11099.02
imagenet,43,layer1,HDDDM,31,29.99735135135135,358.0329032258065,0.9029122081784053,0.5340501792114696,11099.02
imagenet,43,layer1,PSI,29,29.99735135135135,382.7248275862069,0.9518187558646063,1.5670498084291187,11099.02
imagenet,43,layer1,T2,34,29.99735135135135,326.44176470588235,0.5107851767205657,0.7973856209150327,11099.02
imagenet,43,layer1,Frechet,29,29.99735135135135,382.7248275862069,0.9518187558646063,0.4942528735632185,11099.02
imagenet,43,layer1,MMD,49,29.99735135135135,226.51061224489797,0.001770861896716042,0.20181405895691604,11099.02
imagenet,43,layer1,CUSUM,10923,29.99735135135135,1.0161146205254967,0.0,2.8323618867425515,11099.02
imagenet,43,layer1,EWMA,44,29.99735135135135,252.25045454545455,0.01944347440014765,0.5151515151515151,11099.02
imagenet,43,layer1,SPE,99,29.99735135135135,112.11131313131314,4.882726834683649e-23,0.7957351290684622,11099.02
imagenet,43,layer1,CUSUM-R,165,29.99735135135135,67.26678787878788,2.2087593210734716e-65,0.08417508417508417,11099.02
imagenet,43,layer2,KSWIN,28,29.99735135135135,396.3935714285714,0.8065368932206457,1.0158730158730158,11099.02
imagenet,43,layer2,KL-Gauss,9,29.99735135135135,1233.2244444444445,1.4270414025276317e-05,0.6049382716049383,11099.02
imagenet,43,layer2,KL-Hist,23,29.99735135135135,482.56608695652176,0.2294723966414121,0.6811594202898551,11099.02
imagenet,43,layer2,HDDDM,39,29.99735135135135,284.5902564102564,0.1295606611505475,1.2222222222222223,11099.02
imagenet,43,layer2,PSI,30,29.99735135135135,369.96733333333333,1.0,0.5925925925925926,11099.02
imagenet,43,layer2,T2,26,29.99735135135135,426.8853846153846,0.5349856860331688,0.358974358974359,11099.02
imagenet,43,layer2,Frechet,15,29.99735135135135,739.9346666666667,0.0039004024098902414,0.9259259259259259,11099.02
imagenet,43,layer2,MMD,21,29.99735135135135,528.5247619047619,0.10898833848711728,0.7883597883597884,11099.02
imagenet,43,layer2,CUSUM,10932,29.99735135135135,1.0152780826930115,0.0,2.5478310363052405,11099.02
imagenet,43,layer2,EWMA,37,29.99735135135135,299.9735135135135,0.23905332585359146,0.36336336336336333,11099.02
imagenet,43,layer2,SPE,20,29.99735135135135,554.951,0.07064031112581588,0.5555555555555556,11099.02
imagenet,43,layer2,CUSUM-R,218,29.99735135135135,50.912935779816515,4.629606720770842e-108,0.21202854230377163,11099.02
imagenet,43,layer3,KSWIN,30,29.99735135135135,369.96733333333333,1.0,0.8148148148148149,11099.02
imagenet,43,layer3,KL-Gauss,49,29.99735135135135,226.51061224489797,0.001770861896716042,0.7006802721088434,11099.02
imagenet,43,layer3,KL-Hist,23,29.99735135135135,482.56608695652176,0.2294723966414121,0.7777777777777778,11099.02
imagenet,43,layer3,HDDDM,43,29.99735135135135,258.1167441860465,0.029600447151720666,0.8294573643410853,11099.02
imagenet,43,layer3,PSI,26,29.99735135135135,426.8853846153846,0.5349856860331688,0.7008547008547009,11099.02
imagenet,43,layer3,T2,20,29.99735135135135,554.951,0.07064031112581588,2.0,11099.02
imagenet,43,layer3,Frechet,43,29.99735135135135,258.1167441860465,0.029600447151720666,0.5710594315245477,11099.02
imagenet,43,layer3,MMD,34,29.99735135135135,326.44176470588235,0.5107851767205657,0.6666666666666669,11099.02
imagenet,43,layer3,CUSUM,169,29.99735135135135,65.67467455621302,2.260587177585975e-68,42.20184089414859,11099.02
imagenet,43,layer3,EWMA,17,29.99735135135135,652.8835294117647,0.014558440263916502,1.9673202614379082,11099.02
imagenet,43,layer3,SPE,32,29.99735135135135,346.844375,0.762341681982474,1.3055555555555556,11099.02
imagenet,43,layer3,CUSUM-R,39,29.99735135135135,284.5902564102564,0.1295606611505475,0.6524216524216524,11099.02
imagenet,43,layer4,KSWIN,41,29.99735135135135,270.7078048780488,0.06454531826062763,0.8373983739837398,11099.02
imagenet,43,layer4,KL-Gauss,29,29.99735135135135,382.7248275862069,0.9518187558646063,0.7241379310344828,11099.02
imagenet,43,layer4,KL-Hist,38,29.99735135135135,292.07947368421054,0.17786386514626654,1.216374269005848,11099.02
imagenet,43,layer4,HDDDM,39,29.99735135135135,284.5902564102564,0.1295606611505475,0.9943019943019944,11099.02
imagenet,43,layer4,PSI,39,29.99735135135135,284.5902564102564,0.1295606611505475,0.5954415954415955,11099.02
imagenet,43,layer4,T2,25,29.99735135135135,443.9608,0.4169855622387186,1.5333333333333334,11099.02
imagenet,43,layer4,Frechet,16,29.99735135135135,693.68875,0.00775565463812534,1.0000000000000002,11099.02
imagenet,43,layer4,MMD,18,29.99735135135135,616.6122222222223,0.02589541529640437,0.8395061728395061,11099.02
imagenet,43,layer4,CUSUM,7401,29.99735135135135,1.4996649101472774,0.0,369.95014187271977,11099.02
imagenet,43,layer4,EWMA,32,29.99735135135135,346.844375,0.762341681982474,0.8888888888888888,11099.02
imagenet,43,layer4,SPE,23,29.99735135135135,482.56608695652176,0.2294723966414121,0.8743961352657005,11099.02
imagenet,43,layer4,CUSUM-R,60,29.99735135135135,184.98366666666666,1.845329536220293e-06,0.25925925925925924,11099.02
imagenet,43,vae_latent,KSWIN,42,29.99735135135135,264.26238095238097,0.04416006020562359,0.9947089947089945,11099.02
imagenet,43,vae_latent,KL-Gauss,25,29.99735135135135,443.9608,0.4169855622387186,0.7333333333333333,11099.02
imagenet,43,vae_latent,KL-Hist,29,29.99735135135135,382.7248275862069,0.9518187558646063,0.6475095785440614,11099.02
imagenet,43,vae_latent,HDDDM,37,29.99735135135135,299.9735135135135,0.23905332585359146,1.3843843843843844,11099.02
imagenet,43,vae_latent,PSI,26,29.99735135135135,426.8853846153846,0.5349856860331688,0.7863247863247864,11099.02
imagenet,43,vae_latent,T2,41,29.99735135135135,270.7078048780488,0.06454531826062763,0.8373983739837398,11099.02
imagenet,43,vae_latent,Frechet,71,29.99735135135135,156.32422535211268,2.803788439548447e-10,0.7965571205007825,11099.02
imagenet,43,vae_latent,MMD,83,29.99735135135135,133.7231325301205,2.9205332868891976e-15,0.7777777777777778,11099.02
imagenet,43,vae_latent,CUSUM,10693,29.99735135135135,1.0379706349948565,0.0,15.406974448496937,11099.02
imagenet,43,vae_latent,EWMA,25,29.99735135135135,443.9608,0.4169855622387186,1.8,11099.02
imagenet,43,vae_latent,SPE,47,29.99735135135135,236.14936170212766,0.00489272363365632,0.3333333333333333,11099.02
imagenet,43,vae_latent,CUSUM-R,78,29.99735135135135,142.2951282051282,4.3376523607357975e-13,0.10826210826210826,11099.02
imagenet,43,pixel,VAE,29,29.99735135135135,382.7248275862069,0.9518187558646063,0.7241379310344827,11099.02
imagenet,44,layer1,KSWIN,35,29.99735135135135,317.11485714285715,0.4051033856438455,0.5873015873015872,11099.02
imagenet,44,layer1,KL-Gauss,9,29.99735135135135,1233.2244444444445,1.4270414025276317e-05,1.3456790123456792,11099.02
imagenet,44,layer1,KL-Hist,32,29.99735135135135,346.844375,0.762341681982474,0.8194444444444444,11099.02
imagenet,44,layer1,HDDDM,53,29.99735135135135,209.4154716981132,0.00018585471322907479,1.4696016771488467,11099.02
imagenet,44,layer1,PSI,27,29.99735135135135,411.07481481481483,0.6660853591059495,1.2386831275720165,11099.02
imagenet,44,layer1,T2,25,29.99735135135135,443.9608,0.4169855622387186,1.0,11099.02
imagenet,44,layer1,Frechet,30,29.99735135135135,369.96733333333333,1.0,0.8888888888888888,11099.02
imagenet,44,layer1,MMD,53,29.99735135135135,209.4154716981132,0.00018585471322907479,1.2180293501048218,11099.02
imagenet,44,layer1,CUSUM,0,29.99735135135135,inf,1.8764881753442784e-13,,11099.02
imagenet,44,layer1,EWMA,29,29.99735135135135,382.7248275862069,0.9518187558646063,0.9540229885057473,11099.02
imagenet,44,layer1,SPE,18,29.99735135135135,616.6122222222223,0.02589541529640437,1.7037037037037037,11099.02
imagenet,44,layer1,CUSUM-R,8,29.99735135135135,1387.3775,4.100225854971944e-06,0.2222222222222222,11099.02
imagenet,44,layer2,KSWIN,32,29.99735135135135,346.844375,0.762341681982474,0.5416666666666666,11099.02
imagenet,44,layer2,KL-Gauss,27,29.99735135135135,411.07481481481483,0.6660853591059495,0.9917695473251027,11099.02
imagenet,44,layer2,KL-Hist,28,29.99735135135135,396.3935714285714,0.8065368932206457,0.8571428571428573,11099.02
imagenet,44,layer2,HDDDM,40,29.99735135135135,277.4755,0.09240763085168613,0.7777777777777778,11099.02
imagenet,44,layer2,PSI,25,29.99735135135135,443.9608,0.4169855622387186,1.088888888888889,11099.02
imagenet,44,layer2,T2,59,29.99735135135135,188.11898305084748,3.7473444492854796e-06,1.5235404896421842,11099.02
imagenet,44,layer2,Frechet,74,29.99735135135135,149.98675675675676,1.893781489351565e-11,1.177177177177177,11099.02
imagenet,44,layer2,MMD,94,29.99735135135135,118.07468085106383,1.764474354214573e-20,1.0921985815602837,11099.02
imagenet,44,layer2,CUSUM,11033,29.99735135135135,1.005983866582072,0.0,0.39357684522191005,11099.02
imagenet,44,layer2,EWMA,63,29.99735135135135,176.17492063492065,2.0052937076702767e-07,0.7777777777777779,11099.02
imagenet,44,layer2,SPE,28,29.99735135135135,396.3935714285714,0.8065368932206457,1.3333333333333335,11099.02
imagenet,44,layer2,CUSUM-R,259,29.99735135135135,42.85335907335907,5.28182650895996e-145,0.05534105534105534,11099.02
imagenet,44,layer3,KSWIN,35,29.99735135135135,317.11485714285715,0.4051033856438455,0.7777777777777778,11099.02
imagenet,44,layer3,KL-Gauss,49,29.99735135135135,226.51061224489797,0.001770861896716042,0.9274376417233561,11099.02
imagenet,44,layer3,KL-Hist,47,29.99735135135135,236.14936170212766,0.00489272363365632,0.900709219858156,11099.02
imagenet,44,layer3,HDDDM,28,29.99735135135135,396.3935714285714,0.8065368932206457,0.9365079365079364,11099.02
imagenet,44,layer3,PSI,44,29.99735135135135,252.25045454545455,0.01944347440014765,0.616161616161616,11099.02
imagenet,44,layer3,T2,67,29.99735135135135,165.65701492537315,8.413222027061712e-09,1.1293532338308458,11099.02
imagenet,44,layer3,Frechet,90,29.99735135135135,123.32244444444444,1.6272463205111613e-18,1.432098765432099,11099.02
imagenet,44,layer3,MMD,132,29.99735135135135,84.08348484848486,2.0440084066904803e-42,0.4343434343434343,11099.02
imagenet,44,layer3,CUSUM,5812,29.99735135135135,1.9096730901582932,0.0,544.7571308404068,11099.02
imagenet,44,layer3,EWMA,75,29.99735135135135,147.98693333333333,7.51085495620645e-12,1.577777777777778,11099.02
imagenet,44,layer3,SPE,36,29.99735135135135,308.30611111111114,0.3145269908333174,0.4444444444444445,11099.02
imagenet,44,layer3,CUSUM-R,48,29.99735135135135,231.22958333333335,0.0029715127107608334,0.08333333333333333,11099.02
imagenet,44,layer4,KSWIN,27,29.99735135135135,411.07481481481483,0.6660853591059495,0.5802469135802468,11099.02
imagenet,44,layer4,KL-Gauss,41,29.99735135135135,270.7078048780488,0.06454531826062763,0.5121951219512195,11099.02
imagenet,44,layer4,KL-Hist,44,29.99735135135135,252.25045454545455,0.01944347440014765,0.3636363636363636,11099.02
imagenet,44,layer4,HDDDM,37,29.99735135135135,299.9735135135135,0.23905332585359146,1.144144144144144,11099.02
imagenet,44,layer4,PSI,50,29.99735135135135,221.9804,0.001035834461630611,0.711111111111111,11099.02
imagenet,44,layer4,T2,27,29.99735135135135,411.07481481481483,0.6660853591059495,0.9094650205761317,11099.02
imagenet,44,layer4,Frechet,71,29.99735135135135,156.32422535211268,2.803788439548447e-10,0.7026604068857591,11099.02
imagenet,44,layer4,MMD,90,29.99735135135135,123.32244444444444,1.6272463205111613e-18,2.3209876543209877,11099.02
imagenet,44,layer4,CUSUM,0,29.99735135135135,inf,1.8764881753442784e-13,,11099.02
imagenet,44,layer4,EWMA,34,29.99735135135135,326.44176470588235,0.5107851767205657,1.254901960784314,11099.02
imagenet,44,layer4,SPE,27,29.99735135135135,411.07481481481483,0.6660853591059495,0.5802469135802468,11099.02
imagenet,44,layer4,CUSUM-R,22,29.99735135135135,504.5009090909091,0.16127648623203544,0.08080808080808079,11099.02
imagenet,44,vae_latent,KSWIN,36,29.99735135135135,308.30611111111114,0.3145269908333174,1.0617283950617282,11099.02
imagenet,44,vae_latent,KL-Gauss,144,29.99735135135135,77.07652777777778,2.1351495735545382e-50,0.7438271604938272,11099.02
imagenet,44,vae_latent,KL-Hist,23,29.99735135135135,482.56608695652176,0.2294723966414121,0.6811594202898551,11099.02
imagenet,44,vae_latent,HDDDM,24,29.99735135135135,462.4591666666667,0.3147097585278856,1.2222222222222223,11099.02
imagenet,44,vae_latent,PSI,33,29.99735135135135,336.33393939393943,0.6305684487342333,1.282828282828283,11099.02
imagenet,44,vae_latent,T2,37,29.99735135135135,299.9735135135135,0.23905332585359146,0.7837837837837839,11099.02
imagenet,44,vae_latent,Frechet,111,29.99735135135135,99.99117117117117,1.3127799892553206e-29,1.03003003003003,11099.02
imagenet,44,vae_latent,MMD,53,29.99735135135135,209.4154716981132,0.00018585471322907479,0.5890985324947589,11099.02
imagenet,44,vae_latent,CUSUM,6354,29.99735135135135,1.7467768334907146,0.0,484.31161473087826,11099.02
imagenet,44,vae_latent,EWMA,50,29.99735135135135,221.9804,0.001035834461630611,1.1111111111111112,11099.02
imagenet,44,vae_latent,SPE,68,29.99735135135135,163.22088235294117,3.6713284388858064e-09,0.7124183006535948,11099.02
imagenet,44,vae_latent,CUSUM-R,54,29.99735135135135,205.53740740740741,0.00010116789905040395,0.1728395061728395,11099.02
imagenet,44,pixel,VAE,27,29.99735135135135,411.07481481481483,0.6660853591059495,0.9917695473251026,11099.02
imagenet,45,layer1,KSWIN,31,29.99735135135135,358.0329032258065,0.9029122081784053,0.46236559139784944,11099.02
imagenet,45,layer1,KL-Gauss,2,29.99735135135135,5549.51,9.024367440287364e-11,0.8888888888888892,11099.02
imagenet,45,layer1,KL-Hist,20,29.99735135135135,554.951,0.07064031112581588,2.5555555555555554,11099.02
imagenet,45,layer1,HDDDM,28,29.99735135135135,396.3935714285714,0.8065368932206457,1.1746031746031746,11099.02
imagenet,45,layer1,PSI,12,29.99735135135135,924.9183333333334,0.0003359457050395507,2.185185185185185,11099.02
imagenet,45,layer1,T2,6,29.99735135135135,1849.8366666666668,2.3514126953118706e-07,0.44444444444444453,11099.02
imagenet,45,layer1,Frechet,9,29.99735135135135,1233.2244444444445,1.4270414025276317e-05,1.5925925925925928,11099.02
imagenet,45,layer1,MMD,21,29.99735135135135,528.5247619047619,0.10898833848711728,1.5291005291005288,11099.02
imagenet,45,layer1,CUSUM,0,29.99735135135135,inf,1.8764881753442784e-13,,11099.02
imagenet,45,layer1,EWMA,13,29.99735135135135,853.7707692307692,0.0008158375220350545,1.2051282051282053,11099.02
imagenet,45,layer1,SPE,7,29.99735135135135,1585.5742857142857,1.0489000075445509e-06,0.9682539682539684,11099.02
imagenet,45,layer1,CUSUM-R,0,29.99735135135135,inf,1.8764881753442784e-13,,11099.02
imagenet,45,layer2,KSWIN,55,29.99735135135135,201.80036363636364,5.4123822758846225e-05,0.9393939393939394,11099.02
imagenet,45,layer2,KL-Gauss,68,29.99735135135135,163.22088235294117,3.6713284388858064e-09,0.9411764705882354,11099.02
imagenet,45,layer2,KL-Hist,43,29.99735135135135,258.1167441860465,0.029600447151720666,0.9844961240310076,11099.02
imagenet,45,layer2,HDDDM,44,29.99735135135135,252.25045454545455,0.01944347440014765,1.0202020202020203,11099.02
imagenet,45,layer2,PSI,43,29.99735135135135,258.1167441860465,0.029600447151720666,0.8294573643410853,11099.02
imagenet,45,layer2,T2,37,29.99735135135135,299.9735135135135,0.23905332585359146,1.2642642642642643,11099.02
imagenet,45,layer2,Frechet,41,29.99735135135135,270.7078048780488,0.06454531826062763,0.5663956639566395,11099.02
imagenet,45,layer2,MMD,28,29.99735135135135,396.3935714285714,0.8065368932206457,0.5396825396825398,11099.02
imagenet,45,layer2,CUSUM,0,29.99735135135135,inf,1.8764881753442784e-13,,11099.02
imagenet,45,layer2,EWMA,33,29.99735135135135,336.33393939393943,0.6305684487342333,1.1481481481481484,11099.02
imagenet,45,layer2,SPE,10,29.99735135135135,1109.902,4.477828481067406e-05,0.8888888888888888,11099.02
imagenet,45,layer2,CUSUM-R,0,29.99735135135135,inf,1.8764881753442784e-13,,11099.02
imagenet,45,layer3,KSWIN,31,29.99735135135135,358.0329032258065,0.9029122081784053,1.1075268817204302,11099.02
imagenet,45,layer3,KL-Gauss,27,29.99735135135135,411.07481481481483,0.6660853591059495,1.7325102880658432,11099.02
imagenet,45,layer3,KL-Hist,21,29.99735135135135,528.5247619047619,0.10898833848711728,2.375661375661376,11099.02
imagenet,45,layer3,HDDDM,30,29.99735135135135,369.96733333333333,1.0,0.5925925925925926,11099.02
imagenet,45,layer3,PSI,22,29.99735135135135,504.5009090909091,0.16127648623203544,1.7979797979797976,11099.02
imagenet,45,layer3,T2,26,29.99735135135135,426.8853846153846,0.5349856860331688,0.8717948717948717,11099.02
imagenet,45,layer3,Frechet,25,29.99735135135135,443.9608,0.4169855622387186,0.5555555555555556,11099.02
imagenet,45,layer3,MMD,13,29.99735135135135,853.7707692307692,0.0008158375220350545,1.0341880341880343,11099.02
imagenet,45,layer3,CUSUM,8,29.99735135135135,1387.3775,4.100225854971944e-06,3.2777777777777777,11099.02
imagenet,45,layer3,EWMA,34,29.99735135135135,326.44176470588235,0.5107851767205657,0.9934640522875817,11099.02
imagenet,45,layer3,SPE,33,29.99735135135135,336.33393939393943,0.6305684487342333,0.13804713804713803,11099.02
imagenet,45,layer3,CUSUM-R,19,29.99735135135135,584.1589473684211,0.043794321786458534,1.105263157894737,11099.02
imagenet,45,layer4,KSWIN,21,29.99735135135135,528.5247619047619,0.10898833848711728,1.1058201058201058,11099.02
imagenet,45,layer4,KL-Gauss,21,29.99735135135135,528.5247619047619,0.10898833848711728,1.0,11099.02
imagenet,45,layer4,KL-Hist,42,29.99735135135135,264.26238095238097,0.04416006020562359,0.5185185185185185,11099.02
imagenet,45,layer4,HDDDM,30,29.99735135135135,369.96733333333333,1.0,0.8148148148148149,11099.02
imagenet,45,layer4,PSI,38,29.99735135135135,292.07947368421054,0.17786386514626654,0.8070175438596493,11099.02
imagenet,45,layer4,T2,16,29.99735135135135,693.68875,0.00775565463812534,0.861111111111111,11099.02
imagenet,45,layer4,Frechet,44,29.99735135135135,252.25045454545455,0.01944347440014765,0.2121212121212121,11099.02
imagenet,45,layer4,MMD,52,29.99735135135135,213.4426923076923,0.0003354812952195311,0.547008547008547,11099.02
imagenet,45,layer4,CUSUM,0,29.99735135135135,inf,1.8764881753442784e-13,,11099.02
imagenet,45,layer4,EWMA,19,29.99735135135135,584.1589473684211,0.043794321786458534,0.9883040935672514,11099.02
imagenet,45,layer4,SPE,49,29.99735135135135,226.51061224489797,0.001770861896716042,1.6530612244897958,11099.02
imagenet,45,layer4,CUSUM-R,0,29.99735135135135,inf,1.8764881753442784e-13,,11099.02
imagenet,45,vae_latent,KSWIN,38,29.99735135135135,292.07947368421054,0.17786386514626654,0.456140350877193,11099.02
imagenet,45,vae_latent,KL-Gauss,299,29.99735135135135,37.12046822742475,9.082168501493664e-184,1.2222222222222225,11099.02
imagenet,45,vae_latent,KL-Hist,21,29.99735135135135,528.5247619047619,0.10898833848711728,1.3174603174603177,11099.02
imagenet,45,vae_latent,HDDDM,30,29.99735135135135,369.96733333333333,1.0,0.5925925925925926,11099.02
imagenet,45,vae_latent,PSI,14,29.99735135135135,792.7871428571428,0.001844086339538801,0.9841269841269841,11099.02
imagenet,45,vae_latent,T2,101,29.99735135135135,109.89128712871288,4.31448386331543e-24,0.537953795379538,11099.02
imagenet,45,vae_latent,Frechet,93,29.99735135135135,119.34430107526882,5.555951962785769e-20,0.31182795698924726,11099.02
imagenet,45,vae_latent,MMD,25,29.99735135135135,443.9608,0.4169855622387186,1.711111111111111,11099.02
imagenet,45,vae_latent,CUSUM,4906,29.99735135135135,2.2623359152058704,0.0,620.2546541649681,11099.02
imagenet,45,vae_latent,EWMA,157,29.99735135135135,70.6943949044586,1.5753235295339933e-59,1.2604387827317765,11099.02
imagenet,45,vae_latent,SPE,301,29.99735135135135,36.873820598006645,9.043750658523595e-186,0.6160944998154299,11099.02
imagenet,45,vae_latent,CUSUM-R,51,29.99735135135135,217.6278431372549,0.0005948569371677758,0.0196078431372549,11099.02
imagenet,45,pixel,VAE,21,29.99735135135135,528.5247619047619,0.10898833848711728,1.1058201058201058,11099.02
imagenet,46,layer1,KSWIN,8,29.99735135135135,1387.3775,4.100225854971944e-06,0.5000000000000001,11099.02
imagenet,46,layer1,KL-Gauss,239,29.99735135135135,46.43941422594143,1.3333790620857142e-126,1.222222222222222,11099.02
imagenet,46,layer1,KL-Hist,23,29.99735135135135,482.56608695652176,0.2294723966414121,0.5845410628019324,11099.02
imagenet,46,layer1,HDDDM,28,29.99735135135135,396.3935714285714,0.8065368932206457,1.0952380952380951,11099.02
imagenet,46,layer1,PSI,23,29.99735135135135,482.56608695652176,0.2294723966414121,0.5845410628019324,11099.02
imagenet,46,layer1,T2,39,29.99735135135135,284.5902564102564,0.1295606611505475,0.9943019943019943,11099.02
imagenet,46,layer1,Frechet,56,29.99735135135135,198.1967857142857,2.8465683022161507e-05,0.8412698412698415,11099.02
imagenet,46,layer1,MMD,36,29.99735135135135,308.30611111111114,0.3145269908333174,1.2469135802469138,11099.02
imagenet,46,layer1,CUSUM,0,29.99735135135135,inf,1.8764881753442784e-13,,11099.02
imagenet,46,layer1,EWMA,26,29.99735135135135,426.8853846153846,0.5349856860331688,1.9829059829059825,11099.02
imagenet,46,layer1,SPE,129,29.99735135135135,86.03891472868217,1.713673636734015e-40,1.0757967269595174,11099.02
imagenet,46,layer1,CUSUM-R,4,29.99735135135135,2774.755,7.265351032872022e-09,0.6666666666666667,11099.02
imagenet,46,layer2,KSWIN,24,29.99735135135135,462.4591666666667,0.3147097585278856,1.4074074074074074,11099.02
imagenet,46,layer2,KL-Gauss,47,29.99735135135135,236.14936170212766,0.00489272363365632,1.0425531914893618,11099.02
imagenet,46,layer2,KL-Hist,23,29.99735135135135,482.56608695652176,0.2294723966414121,1.1642512077294689,11099.02
imagenet,46,layer2,HDDDM,33,29.99735135135135,336.33393939393943,0.6305684487342333,0.8114478114478115,11099.02
imagenet,46,layer2,PSI,29,29.99735135135135,382.7248275862069,0.9518187558646063,1.4137931034482756,11099.02
imagenet,46,layer2,T2,17,29.99735135135135,652.8835294117647,0.014558440263916502,1.8366013071895426,11099.02
imagenet,46,layer2,Frechet,23,29.99735135135135,482.56608695652176,0.2294723966414121,0.8743961352657005,11099.02
imagenet,46,layer2,MMD,18,29.99735135135135,616.6122222222223,0.02589541529640437,0.962962962962963,11099.02
imagenet,46,layer2,CUSUM,0,29.99735135135135,inf,1.8764881753442784e-13,,11099.02
imagenet,46,layer2,EWMA,24,29.99735135135135,462.4591666666667,0.3147097585278856,0.9444444444444444,11099.02
imagenet,46,layer2,SPE,75,29.99735135135135,147.98693333333333,7.51085495620645e-12,1.1037037037037039,11099.02
imagenet,46,layer2,CUSUM-R,9,29.99735135135135,1233.2244444444445,1.4270414025276317e-05,0.11111111111111113,11099.02
imagenet,46,layer3,KSWIN,29,29.99735135135135,382.7248275862069,0.9518187558646063,0.8007662835249043,11099.02
imagenet,46,layer3,KL-Gauss,34,29.99735135135135,326.44176470588235,0.5107851767205657,0.4705882352941177,11099.02
imagenet,46,layer3,KL-Hist,39,29.99735135135135,284.5902564102564,0.1295606611505475,2.0769230769230775,11099.02
imagenet,46,layer3,HDDDM,32,29.99735135135135,346.844375,0.762341681982474,1.3055555555555556,11099.02
imagenet,46,layer3,PSI,32,29.99735135135135,346.844375,0.762341681982474,1.513888888888889,11099.02
imagenet,46,layer3,T2,27,29.99735135135135,411.07481481481483,0.6660853591059495,1.4855967078189303,11099.02
imagenet,46,layer3,Frechet,17,29.99735135135135,652.8835294117647,0.014558440263916502,1.9673202614379086,11099.02
imagenet,46,layer3,MMD,14,29.99735135135135,792.7871428571428,0.001844086339538801,2.571428571428571,11099.02
imagenet,46,layer3,CUSUM,0,29.99735135135135,inf,1.8764881753442784e-13,,11099.02
imagenet,46,layer3,EWMA,13,29.99735135135135,853.7707692307692,0.0008158375220350545,0.8632478632478632,11099.02
imagenet,46,layer3,SPE,80,29.99735135135135,138.73775,6.086641165189213e-14,0.9166666666666666,11099.02
imagenet,46,layer3,CUSUM-R,18,29.99735135135135,616.6122222222223,0.02589541529640437,0.09876543209876545,11099.02
imagenet,46,layer4,KSWIN,33,29.99735135135135,336.33393939393943,0.6305684487342333,0.8787878787878789,11099.02
imagenet,46,layer4,KL-Gauss,43,29.99735135135135,258.1167441860465,0.029600447151720666,0.8811369509043929,11099.02
imagenet,46,layer4,KL-Hist,17,29.99735135135135,652.8835294117647,0.014558440263916502,1.0522875816993464,11099.02
imagenet,46,layer4,HDDDM,35,29.99735135135135,317.11485714285715,0.4051033856438455,0.6507936507936508,11099.02
imagenet,46,layer4,PSI,19,29.99735135135135,584.1589473684211,0.043794321786458534,0.40350877192982454,11099.02
imagenet,46,layer4,T2,50,29.99735135135135,221.9804,0.001035834461630611,0.7555555555555555,11099.02
imagenet,46,layer4,Frechet,43,29.99735135135135,258.1167441860465,0.029600447151720666,0.5193798449612402,11099.02
imagenet,46,layer4,MMD,18,29.99735135135135,616.6122222222223,0.02589541529640437,0.345679012345679,11099.02
imagenet,46,layer4,CUSUM,10817,29.99735135135135,1.0260719238236111,0.0,7.3460602138608975,11099.02
imagenet,46,layer4,EWMA,43,29.99735135135135,258.1167441860465,0.029600447151720666,0.7260981912144703,11099.02
imagenet,46,layer4,SPE,51,29.99735135135135,217.6278431372549,0.0005948569371677758,1.28322440087146,11099.02
imagenet,46,layer4,CUSUM-R,136,29.99735135135135,81.61044117647059,5.015740903599096e-45,0.3300653594771242,11099.02
imagenet,46,vae_latent,KSWIN,42,29.99735135135135,264.26238095238097,0.04416006020562359,0.6243386243386243,11099.02
imagenet,46,vae_latent,KL-Gauss,44,29.99735135135135,252.25045454545455,0.01944347440014765,0.6666666666666665,11099.02
imagenet,46,vae_latent,KL-Hist,32,29.99735135135135,346.844375,0.762341681982474,0.6111111111111109,11099.02
imagenet,46,vae_latent,HDDDM,28,29.99735135135135,396.3935714285714,0.8065368932206457,0.5396825396825397,11099.02
imagenet,46,vae_latent,PSI,28,29.99735135135135,396.3935714285714,0.8065368932206457,0.9365079365079364,11099.02
imagenet,46,vae_latent,T2,19,29.99735135135135,584.1589473684211,0.043794321786458534,1.222222222222222,11099.02
imagenet,46,vae_latent,Frechet,33,29.99735135135135,336.33393939393943,0.6305684487342333,1.1481481481481481,11099.02
imagenet,46,vae_latent,MMD,26,29.99735135135135,426.8853846153846,0.5349856860331688,1.1282051282051282,11099.02
imagenet,46,vae_latent,CUSUM,1089,29.99735135135135,10.191937557392103,0.0,1088.9999999999998,11099.02
imagenet,46,vae_latent,EWMA,16,29.99735135135135,693.68875,0.00775565463812534,1.1388888888888886,11099.02
imagenet,46,vae_latent,SPE,16,29.99735135135135,693.68875,0.00775565463812534,0.5833333333333333,11099.02
imagenet,46,vae_latent,CUSUM-R,33,29.99735135135135,336.33393939393943,0.6305684487342333,0.07070707070707072,11099.02
imagenet,46,pixel,VAE,176,29.99735135135135,63.062613636363636,1.0568963154336574e-73,0.8358585858585861,11099.02
imagenet,47,layer1,KSWIN,18,29.99735135135135,616.6122222222223,0.02589541529640437,0.5925925925925926,11099.02
imagenet,47,layer1,KL-Gauss,9,29.99735135135135,1233.2244444444445,1.4270414025276317e-05,1.0987654320987656,11099.02
imagenet,47,layer1,KL-Hist,26,29.99735135135135,426.8853846153846,0.5349856860331688,0.7863247863247865,11099.02
imagenet,47,layer1,HDDDM,35,29.99735135135135,317.11485714285715,0.4051033856438455,0.9682539682539683,11099.02
imagenet,47,layer1,PSI,24,29.99735135135135,462.4591666666667,0.3147097585278856,0.9444444444444449,11099.02
imagenet,47,layer1,T2,19,29.99735135135135,584.1589473684211,0.043794321786458534,0.9883040935672514,11099.02
imagenet,47,layer1,Frechet,32,29.99735135135135,346.844375,0.762341681982474,0.6111111111111112,11099.02
imagenet,47,layer1,MMD,33,29.99735135135135,336.33393939393943,0.6305684487342333,0.946127946127946,11099.02
imagenet,47,layer1,CUSUM,5236,29.99735135135135,2.119751718869366,0.0,598.515915457092,11099.02
imagenet,47,layer1,EWMA,29,29.99735135135135,382.7248275862069,0.9518187558646063,0.9540229885057472,11099.02
imagenet,47,layer1,SPE,2,29.99735135135135,5549.51,9.024367440287364e-11,2.0000000000000004,11099.02
imagenet,47,layer1,CUSUM-R,60,29.99735135135135,184.98366666666666,1.845329536220293e-06,0.1851851851851852,11099.02
imagenet,47,layer2,KSWIN,48,29.99735135135135,231.22958333333335,0.0029715127107608334,1.0092592592592595,11099.02
imagenet,47,layer2,KL-Gauss,62,29.99735135135135,179.01645161290324,4.2678004006325684e-07,1.103942652329749,11099.02
imagenet,47,layer2,KL-Hist,19,29.99735135135135,584.1589473684211,0.043794321786458534,0.9883040935672514,11099.02
imagenet,47,layer2,HDDDM,37,29.99735135135135,299.9735135135135,0.23905332585359146,1.0240240240240241,11099.02
imagenet,47,layer2,PSI,30,29.99735135135135,369.96733333333333,1.0,0.7407407407407408,11099.02
imagenet,47,layer2,T2,47,29.99735135135135,236.14936170212766,0.00489272363365632,0.475177304964539,11099.02
imagenet,47,layer2,Frechet,27,29.99735135135135,411.07481481481483,0.6660853591059495,0.5802469135802468,11099.02
imagenet,47,layer2,MMD,17,29.99735135135135,652.8835294117647,0.014558440263916502,0.3986928104575164,11099.02
imagenet,47,layer2,CUSUM,0,29.99735135135135,inf,1.8764881753442784e-13,,11099.02
imagenet,47,layer2,EWMA,42,29.99735135135135,264.26238095238097,0.04416006020562359,0.8888888888888888,11099.02
imagenet,47,layer2,SPE,10,29.99735135135135,1109.902,4.477828481067406e-05,1.1111111111111112,11099.02
imagenet,47,layer2,CUSUM-R,26,29.99735135135135,426.8853846153846,0.5349856860331688,0.10256410256410257,11099.02
imagenet,47,layer3,KSWIN,28,29.99735135135135,396.3935714285714,0.8065368932206457,0.6984126984126985,11099.02
imagenet,47,layer3,KL-Gauss,27,29.99735135135135,411.07481481481483,0.6660853591059495,0.33333333333333326,11099.02
imagenet,47,layer3,KL-Hist,31,29.99735135135135,358.0329032258065,0.9029122081784053,1.5376344086021507,11099.02
imagenet,47,layer3,HDDDM,39,29.99735135135135,284.5902564102564,0.1295606611505475,0.31054131054131057,11099.02
imagenet,47,layer3,PSI,28,29.99735135135135,396.3935714285714,0.8065368932206457,0.7777777777777779,11099.02
imagenet,47,layer3,T2,13,29.99735135135135,853.7707692307692,0.0008158375220350545,1.034188034188034,11099.02
imagenet,47,layer3,Frechet,27,29.99735135135135,411.07481481481483,0.6660853591059495,1.567901234567901,11099.02
imagenet,47,layer3,MMD,28,29.99735135135135,396.3935714285714,0.8065368932206457,1.253968253968254,11099.02
imagenet,47,layer3,CUSUM,0,29.99735135135135,inf,1.8764881753442784e-13,,11099.02
imagenet,47,layer3,EWMA,15,29.99735135135135,739.9346666666667,0.0039004024098902414,0.9259259259259259,11099.02
imagenet,47,layer3,SPE,13,29.99735135135135,853.7707692307692,0.0008158375220350545,1.2051282051282053,11099.02
imagenet,47,layer3,CUSUM-R,5,29.99735135135135,2219.804,4.5247465262466983e-08,0.5555555555555556,11099.02
imagenet,47,layer4,KSWIN,31,29.99735135135135,358.0329032258065,0.9029122081784053,0.8207885304659498,11099.02
imagenet,47,layer4,KL-Gauss,6,29.99735135135135,1849.8366666666668,2.3514126953118706e-07,1.9259259259259258,11099.02
imagenet,47,layer4,KL-Hist,22,29.99735135135135,504.5009090909091,0.16127648623203544,1.1919191919191918,11099.02
imagenet,47,layer4,HDDDM,24,29.99735135135135,462.4591666666667,0.3147097585278856,0.7592592592592594,11099.02
imagenet,47,layer4,PSI,29,29.99735135135135,382.7248275862069,0.9518187558646063,0.8007662835249042,11099.02
imagenet,47,layer4,T2,14,29.99735135135135,792.7871428571428,0.001844086339538801,1.4603174603174602,11099.02
imagenet,47,layer4,Frechet,15,29.99735135135135,739.9346666666667,0.0039004024098902414,1.3703703703703702,11099.02
imagenet,47,layer4,MMD,42,29.99735135135135,264.26238095238097,0.04416006020562359,1.259259259259259,11099.02
imagenet,47,layer4,CUSUM,0,29.99735135135135,inf,1.8764881753442784e-13,,11099.02
imagenet,47,layer4,EWMA,15,29.99735135135135,739.9346666666667,0.0039004024098902414,1.0740740740740742,11099.02
imagenet,47,layer4,SPE,17,29.99735135135135,652.8835294117647,0.014558440263916502,2.4901960784313726,11099.02
imagenet,47,layer4,CUSUM-R,15,29.99735135135135,739.9346666666667,0.0039004024098902414,0.1851851851851852,11099.02
imagenet,47,vae_latent,KSWIN,27,29.99735135135135,411.07481481481483,0.6660853591059495,0.8271604938271605,11099.02
imagenet,47,vae_latent,KL-Gauss,0,29.99735135135135,inf,1.8764881753442784e-13,,11099.02
imagenet,47,vae_latent,KL-Hist,36,29.99735135135135,308.30611111111114,0.3145269908333174,1.0617283950617282,11099.02
imagenet,47,vae_latent,HDDDM,37,29.99735135135135,299.9735135135135,0.23905332585359146,0.48348348348348347,11099.02
imagenet,47,vae_latent,PSI,39,29.99735135135135,284.5902564102564,0.1295606611505475,0.9373219373219374,11099.02
imagenet,47,vae_latent,T2,9,29.99735135135135,1233.2244444444445,1.4270414025276317e-05,0.35802469135802467,11099.02
imagenet,47,vae_latent,Frechet,0,29.99735135135135,inf,1.8764881753442784e-13,,11099.02
imagenet,47,vae_latent,MMD,47,29.99735135135135,236.14936170212766,0.00489272363365632,0.475177304964539,11099.02
imagenet,47,vae_latent,CUSUM,0,29.99735135135135,inf,1.8764881753442784e-13,,11099.02
imagenet,47,vae_latent,EWMA,10,29.99735135135135,1109.902,4.477828481067406e-05,0.4444444444444444,11099.02
imagenet,47,vae_latent,SPE,0,29.99735135135135,inf,1.8764881753442784e-13,,11099.02
imagenet,47,vae_latent,CUSUM-R,9,29.99735135135135,1233.2244444444445,1.4270414025276317e-05,0.35802469135802467,11099.02
imagenet,47,pixel,VAE,1,29.99735135135135,11099.02,5.8166163277802936e-12,1.0000000000000002,11099.02
imagenet,48,layer1,KSWIN,41,29.99735135135135,270.7078048780488,0.06454531826062763,0.40379403794037944,11099.02
imagenet,48,layer1,KL-Gauss,6,29.99735135135135,1849.8366666666668,2.3514126953118706e-07,1.1851851851851853,11099.02
imagenet,48,layer1,KL-Hist,49,29.99735135135135,226.51061224489797,0.001770861896716042,0.7006802721088435,11099.02
imagenet,48,layer1,HDDDM,46,29.99735135135135,241.28304347826088,0.007902886508320215,1.1207729468599033,11099.02
imagenet,48,layer1,PSI,54,29.99735135135135,205.53740740740741,0.00010116789905040395,0.6666666666666665,11099.02
imagenet,48,layer1,T2,24,29.99735135135135,462.4591666666667,0.3147097585278856,1.0370370370370372,11099.02
imagenet,48,layer1,Frechet,57,29.99735135135135,194.71964912280703,1.472146458102994e-05,0.4307992202729045,11099.02
imagenet,48,layer1,MMD,47,29.99735135135135,236.14936170212766,0.00489272363365632,0.28605200945626474,11099.02
imagenet,48,layer1,CUSUM,0,29.99735135135135,inf,1.8764881753442784e-13,,11099.02
imagenet,48,layer1,EWMA,26,29.99735135135135,426.8853846153846,0.5349856860331688,0.6153846153846154,11099.02
imagenet,48,layer1,SPE,10,29.99735135135135,1109.902,4.477828481067406e-05,1.3333333333333333,11099.02
imagenet,48,layer1,CUSUM-R,8,29.99735135135135,1387.3775,4.100225854971944e-06,0.5000000000000001,11099.02
imagenet,48,layer2,KSWIN,40,29.99735135135135,277.4755,0.09240763085168613,0.6111111111111112,11099.02
imagenet,48,layer2,KL-Gauss,31,29.99735135135135,358.0329032258065,0.9029122081784053,1.03584229390681,11099.02
imagenet,48,layer2,KL-Hist,32,29.99735135135135,346.844375,0.762341681982474,1.3750000000000002,11099.02
imagenet,48,layer2,HDDDM,42,29.99735135135135,264.26238095238097,0.04416006020562359,0.5714285714285715,11099.02
imagenet,48,layer2,PSI,34,29.99735135135135,326.44176470588235,0.5107851767205657,0.7320261437908497,11099.02
imagenet,48,layer2,T2,26,29.99735135135135,426.8853846153846,0.5349856860331688,1.1282051282051282,11099.02
imagenet,48,layer2,Frechet,56,29.99735135135135,198.1967857142857,2.8465683022161507e-05,0.642857142857143,11099.02
imagenet,48,layer2,MMD,105,29.99735135135135,105.70495238095239,2.9986262661303466e-26,0.8730158730158729,11099.02
imagenet,48,layer2,CUSUM,5130,29.99735135135135,2.163551656920078,0.0,600.383799003682,11099.02
imagenet,48,layer2,EWMA,23,29.99735135135135,482.56608695652176,0.2294723966414121,1.357487922705314,11099.02
imagenet,48,layer2,SPE,19,29.99735135135135,584.1589473684211,0.043794321786458534,1.2222222222222223,11099.02
imagenet,48,layer2,CUSUM-R,54,29.99735135135135,205.53740740740741,0.00010116789905040395,0.1316872427983539,11099.02
imagenet,48,layer3,KSWIN,27,29.99735135135135,411.07481481481483,0.6660853591059495,0.9917695473251027,11099.02
imagenet,48,layer3,KL-Gauss,11,29.99735135135135,1009.0018181818182,0.00012797422289532895,0.494949494949495,11099.02
imagenet,48,layer3,KL-Hist,41,29.99735135135135,270.7078048780488,0.06454531826062763,1.2168021680216803,11099.02
imagenet,48,layer3,HDDDM,34,29.99735135135135,326.44176470588235,0.5107851767205657,1.5816993464052285,11099.02
imagenet,48,layer3,PSI,46,29.99735135135135,241.28304347826088,0.007902886508320215,1.4106280193236713,11099.02
imagenet,48,layer3,T2,32,29.99735135135135,346.844375,0.762341681982474,1.7916666666666665,11099.02
imagenet,48,layer3,Frechet,29,29.99735135135135,382.7248275862069,0.9518187558646063,1.7969348659003832,11099.02
imagenet,48,layer3,MMD,20,29.99735135135135,554.951,0.07064031112581588,1.0,11099.02
imagenet,48,layer3,CUSUM,996,29.99735135135135,11.143594377510041,0.0,996.0,11099.02
imagenet,48,layer3,EWMA,30,29.99735135135135,369.96733333333333,1.0,1.3333333333333333,11099.02
imagenet,48,layer3,SPE,12,29.99735135135135,924.9183333333334,0.0003359457050395507,1.2592592592592593,11099.02
imagenet,48,layer3,CUSUM-R,34,29.99735135135135,326.44176470588235,0.5107851767205657,0.07843137254901962,11099.02
imagenet,48,layer4,KSWIN,41,29.99735135135135,270.7078048780488,0.06454531826062763,1.1084010840108403,11099.02
imagenet,48,layer4,KL-Gauss,10,29.99735135135135,1109.902,4.477828481067406e-05,1.1111111111111112,11099.02
imagenet,48,layer4,KL-Hist,30,29.99735135135135,369.96733333333333,1.0,1.4074074074074074,11099.02
imagenet,48,layer4,HDDDM,41,29.99735135135135,270.7078048780488,0.06454531826062763,0.89159891598916,11099.02
imagenet,48,layer4,PSI,40,29.99735135135135,277.4755,0.09240763085168613,1.1111111111111112,11099.02
imagenet,48,layer4,T2,13,29.99735135135135,853.7707692307692,0.0008158375220350545,0.8632478632478632,11099.02
imagenet,48,layer4,Frechet,52,29.99735135135135,213.4426923076923,0.0003354812952195311,0.4615384615384615,11099.02
imagenet,48,layer4,MMD,84,29.99735135135135,132.13119047619048,1.0363520768168395e-15,0.6666666666666667,11099.02
imagenet,48,layer4,CUSUM,4274,29.99735135135135,2.596869443144595,0.0,717.7061300889095,11099.02
imagenet,48,layer4,EWMA,9,29.99735135135135,1233.2244444444445,1.4270414025276317e-05,0.6049382716049383,11099.02
imagenet,48,layer4,SPE,23,29.99735135135135,482.56608695652176,0.2294723966414121,0.8743961352657005,11099.02
imagenet,48,layer4,CUSUM-R,46,29.99735135135135,241.28304347826088,0.007902886508320215,0.057971014492753624,11099.02
imagenet,48,vae_latent,KSWIN,20,29.99735135135135,554.951,0.07064031112581588,0.7777777777777778,11099.02
imagenet,48,vae_latent,KL-Gauss,25,29.99735135135135,443.9608,0.4169855622387186,1.0,11099.02
imagenet,48,vae_latent,KL-Hist,44,29.99735135135135,252.25045454545455,0.01944347440014765,1.828282828282828,11099.02
imagenet,48,vae_latent,HDDDM,37,29.99735135135135,299.9735135135135,0.23905332585359146,1.3243243243243246,11099.02
imagenet,48,vae_latent,PSI,45,29.99735135135135,246.6448888888889,0.01251887712071482,1.8888888888888888,11099.02
imagenet,48,vae_latent,T2,26,29.99735135135135,426.8853846153846,0.5349856860331688,1.2136752136752138,11099.02
imagenet,48,vae_latent,Frechet,23,29.99735135135135,482.56608695652176,0.2294723966414121,0.4879227053140097,11099.02
imagenet,48,vae_latent,MMD,32,29.99735135135135,346.844375,0.762341681982474,0.9583333333333334,11099.02
imagenet,48,vae_latent,CUSUM,0,29.99735135135135,inf,1.8764881753442784e-13,,11099.02
imagenet,48,vae_latent,EWMA,28,29.99735135135135,396.3935714285714,0.8065368932206457,0.9365079365079364,11099.02
imagenet,48,vae_latent,SPE,125,29.99735135135135,88.79216000000001,5.645351542367688e-38,0.5377777777777778,11099.02
imagenet,48,vae_latent,CUSUM-R,14,29.99735135135135,792.7871428571428,0.001844086339538801,0.8253968253968256,11099.02
imagenet,48,pixel,VAE,3,29.99735135135135,3699.6733333333336,9.344397159493781e-10,0.7777777777777777,11099.02
imagenet,49,layer1,KSWIN,39,29.99735135135135,284.5902564102564,0.1295606611505475,1.6780626780626777,11099.02
imagenet,49,layer1,KL-Gauss,21,29.99735135135135,528.5247619047619,0.10898833848711728,0.6825396825396826,11099.02
imagenet,49,layer1,KL-Hist,24,29.99735135135135,462.4591666666667,0.3147097585278856,0.9444444444444446,11099.02
imagenet,49,layer1,HDDDM,26,29.99735135135135,426.8853846153846,0.5349856860331688,0.9572649572649572,11099.02
imagenet,49,layer1,PSI,29,29.99735135135135,382.7248275862069,0.9518187558646063,1.1839080459770115,11099.02
imagenet,49,layer1,T2,50,29.99735135135135,221.9804,0.001035834461630611,1.1111111111111112,11099.02
imagenet,49,layer1,Frechet,75,29.99735135135135,147.98693333333333,7.51085495620645e-12,0.8962962962962963,11099.02
imagenet,49,layer1,MMD,100,29.99735135135135,110.9902,1.458596725815954e-23,1.0444444444444445,11099.02
imagenet,49,layer1,CUSUM,6340,29.99735135135135,1.750634069400631,0.0,433.9849281458114,11099.02
imagenet,49,layer1,EWMA,51,29.99735135135135,217.6278431372549,0.0005948569371677758,1.196078431372549,11099.02
imagenet,49,layer1,SPE,64,29.99735135135135,173.4221875,9.280046885659637e-08,0.8055555555555555,11099.02
imagenet,49,layer1,CUSUM-R,34,29.99735135135135,326.44176470588235,0.5107851767205657,0.4705882352941177,11099.02
imagenet,49,layer2,KSWIN,41,29.99735135135135,270.7078048780488,0.06454531826062763,1.650406504065041,11099.02
imagenet,49,layer2,KL-Gauss,61,29.99735135135135,181.9511475409836,8.944060425081079e-07,0.8907103825136613,11099.02
imagenet,49,layer2,KL-Hist,50,29.99735135135135,221.9804,0.001035834461630611,1.288888888888889,11099.02
imagenet,49,layer2,HDDDM,33,29.99735135135135,336.33393939393943,0.6305684487342333,0.8787878787878787,11099.02
imagenet,49,layer2,PSI,42,29.99735135135135,264.26238095238097,0.04416006020562359,0.9947089947089948,11099.02
imagenet,49,layer2,T2,47,29.99735135135135,236.14936170212766,0.00489272363365632,1.326241134751773,11099.02
imagenet,49,layer2,Frechet,62,29.99735135135135,179.01645161290324,4.2678004006325684e-07,1.032258064516129,11099.02
imagenet,49,layer2,MMD,59,29.99735135135135,188.11898305084748,3.7473444492854796e-06,0.5065913370998116,11099.02
imagenet,49,layer2,CUSUM,11047,29.99735135135135,1.0047089707612926,0.0,0.2438168230691088,11099.02
imagenet,49,layer2,EWMA,43,29.99735135135135,258.1167441860465,0.029600447151720666,0.8811369509043929,11099.02
imagenet,49,layer2,SPE,39,29.99735135135135,284.5902564102564,0.1295606611505475,0.9943019943019944,11099.02
imagenet,49,layer2,CUSUM-R,253,29.99735135135135,43.86964426877471,2.070574924145516e-139,0.1673254281949934,11099.02
imagenet,49,layer3,KSWIN,24,29.99735135135135,462.4591666666667,0.3147097585278856,1.0370370370370372,11099.02
imagenet,49,layer3,KL-Gauss,77,29.99735135135135,144.14311688311687,1.1365362711989982e-12,0.5786435786435787,11099.02
imagenet,49,layer3,KL-Hist,26,29.99735135135135,426.8853846153846,0.5349856860331688,1.3846153846153848,11099.02
imagenet,49,layer3,HDDDM,29,29.99735135135135,382.7248275862069,0.9518187558646063,1.260536398467433,11099.02
imagenet,49,layer3,PSI,30,29.99735135135135,369.96733333333333,1.0,0.9629629629629629,11099.02
imagenet,49,layer3,T2,32,29.99735135135135,346.844375,0.762341681982474,0.9583333333333333,11099.02
imagenet,49,layer3,Frechet,22,29.99735135135135,504.5009090909091,0.16127648623203544,1.494949494949495,11099.02
imagenet,49,layer3,MMD,36,29.99735135135135,308.30611111111114,0.3145269908333174,1.493827160493827,11099.02
imagenet,49,layer3,CUSUM,10451,29.99735135135135,1.062005549708162,0.0,40.16467323701082,11099.02
imagenet,49,layer3,EWMA,25,29.99735135135135,443.9608,0.4169855622387186,1.2666666666666666,11099.02
imagenet,49,layer3,SPE,60,29.99735135135135,184.98366666666666,1.845329536220293e-06,1.4814814814814816,11099.02
imagenet,49,layer3,CUSUM-R,172,29.99735135135135,64.52918604651163,1.2158851896416077e-70,0.10077519379844961,11099.02
imagenet,49,layer4,KSWIN,21,29.99735135135135,528.5247619047619,0.10898833848711728,1.2116402116402114,11099.02
imagenet,49,layer4,KL-Gauss,24,29.99735135135135,462.4591666666667,0.3147097585278856,1.1296296296296295,11099.02
imagenet,49,layer4,KL-Hist,28,29.99735135135135,396.3935714285714,0.8065368932206457,1.015873015873016,11099.02
imagenet,49,layer4,HDDDM,17,29.99735135135135,652.8835294117647,0.014558440263916502,0.9215686274509804,11099.02
imagenet,49,layer4,PSI,34,29.99735135135135,326.44176470588235,0.5107851767205657,1.5163398692810457,11099.02
imagenet,49,layer4,T2,19,29.99735135135135,584.1589473684211,0.043794321786458534,1.105263157894737,11099.02
imagenet,49,layer4,Frechet,31,29.99735135135135,358.0329032258065,0.9029122081784053,0.82078853046595,11099.02
imagenet,49,layer4,MMD,25,29.99735135135135,443.9608,0.4169855622387186,1.2666666666666666,11099.02
imagenet,49,layer4,CUSUM,0,29.99735135135135,inf,1.8764881753442784e-13,,11099.02
imagenet,49,layer4,EWMA,19,29.99735135135135,584.1589473684211,0.043794321786458534,0.52046783625731,11099.02
imagenet,49,layer4,SPE,12,29.99735135135135,924.9183333333334,0.0003359457050395507,1.4444444444444444,11099.02
imagenet,49,layer4,CUSUM-R,19,29.99735135135135,584.1589473684211,0.043794321786458534,0.05263157894736842,11099.02
imagenet,49,vae_latent,KSWIN,33,29.99735135135135,336.33393939393943,0.6305684487342333,1.0808080808080807,11099.02
imagenet,49,vae_latent,KL-Gauss,16,29.99735135135135,693.68875,0.00775565463812534,0.4444444444444444,11099.02
imagenet,49,vae_latent,KL-Hist,32,29.99735135135135,346.844375,0.762341681982474,0.8194444444444443,11099.02
imagenet,49,vae_latent,HDDDM,35,29.99735135135135,317.11485714285715,0.4051033856438455,0.33333333333333337,11099.02
imagenet,49,vae_latent,PSI,42,29.99735135135135,264.26238095238097,0.04416006020562359,0.5185185185185185,11099.02
imagenet,49,vae_latent,T2,13,29.99735135135135,853.7707692307692,0.0008158375220350545,1.5470085470085468,11099.02
imagenet,49,vae_latent,Frechet,8,29.99735135135135,1387.3775,4.100225854971944e-06,1.3333333333333333,11099.02
imagenet,49,vae_latent,MMD,22,29.99735135135135,504.5009090909091,0.16127648623203544,0.7878787878787878,11099.02
imagenet,49,vae_latent,CUSUM,0,29.99735135135135,inf,1.8764881753442784e-13,,11099.02
imagenet,49,vae_latent,EWMA,17,29.99735135135135,652.8835294117647,0.014558440263916502,1.313725490196078,11099.02
imagenet,49,vae_latent,SPE,0,29.99735135135135,inf,1.8764881753442784e-13,,11099.02
imagenet,49,vae_latent,CUSUM-R,0,29.99735135135135,inf,1.8764881753442784e-13,,11099.02
imagenet,49,pixel,VAE,22,29.99735135135135,504.5009090909091,0.16127648623203544,0.4848484848484848,11099.02
imagenet,50,layer1,KSWIN,47,29.99735135135135,236.14936170212766,0.00489272363365632,1.1843971631205672,11099.02
imagenet,50,layer1,KL-Gauss,83,29.99735135135135,133.7231325301205,2.9205332868891976e-15,1.0990629183400267,11099.02
imagenet,50,layer1,KL-Hist,44,29.99735135135135,252.25045454545455,0.01944347440014765,0.5151515151515151,11099.02
imagenet,50,layer1,HDDDM,45,29.99735135135135,246.6448888888889,0.01251887712071482,1.1975308641975309,11099.02
imagenet,50,layer1,PSI,36,29.99735135135135,308.30611111111114,0.3145269908333174,0.814814814814815,11099.02
imagenet,50,layer1,T2,86,29.99735135135135,129.05837209302325,1.2602972940283422e-16,0.7803617571059432,11099.02
imagenet,50,layer1,Frechet,54,29.99735135135135,205.53740740740741,0.00010116789905040395,1.037037037037037,11099.02
imagenet,50,layer1,MMD,68,29.99735135135135,163.22088235294117,3.6713284388858064e-09,1.3006535947712417,11099.02
imagenet,50,layer1,CUSUM,9217,29.99735135135135,1.2041900835412824,0.0,141.6816872204742,11099.02
imagenet,50,layer1,EWMA,90,29.99735135135135,123.32244444444444,1.6272463205111613e-18,0.6172839506172839,11099.02
imagenet,50,layer1,SPE,132,29.99735135135135,84.08348484848486,2.0440084066904803e-42,0.367003367003367,11099.02
imagenet,50,layer1,CUSUM-R,62,29.99735135135135,179.01645161290324,4.2678004006325684e-07,0.31541218637992835,11099.02
imagenet,50,layer2,KSWIN,32,29.99735135135135,346.844375,0.762341681982474,0.47222222222222227,11099.02
imagenet,50,layer2,KL-Gauss,17,29.99735135135135,652.8835294117647,0.014558440263916502,0.5294117647058825,11099.02
imagenet,50,layer2,KL-Hist,25,29.99735135135135,443.9608,0.4169855622387186,1.5333333333333334,11099.02
imagenet,50,layer2,HDDDM,22,29.99735135135135,504.5009090909091,0.16127648623203544,0.6868686868686869,11099.02
imagenet,50,layer2,PSI,26,29.99735135135135,426.8853846153846,0.5349856860331688,1.2991452991452992,11099.02
imagenet,50,layer2,T2,36,29.99735135135135,308.30611111111114,0.3145269908333174,1.3086419753086422,11099.02
imagenet,50,layer2,Frechet,43,29.99735135135135,258.1167441860465,0.029600447151720666,1.0878552971576227,11099.02
imagenet,50,layer2,MMD,50,29.99735135135135,221.9804,0.001035834461630611,0.6222222222222222,11099.02
imagenet,50,layer2,CUSUM,10626,29.99735135135135,1.0445153397327311,0.0,21.143986448334275,11099.02
imagenet,50,layer2,EWMA,42,29.99735135135135,264.26238095238097,0.04416006020562359,0.8359788359788359,11099.02
imagenet,50,layer2,SPE,54,29.99735135135135,205.53740740740741,0.00010116789905040395,1.3662551440329218,11099.02
imagenet,50,layer2,CUSUM-R,109,29.99735135135135,101.82587155963303,1.7931026108244828e-28,0.5596330275229358,11099.02
imagenet,50,layer3,KSWIN,37,29.99735135135135,299.9735135135135,0.23905332585359146,0.8438438438438438,11099.02
imagenet,50,layer3,KL-Gauss,35,29.99735135135135,317.11485714285715,0.4051033856438455,0.7777777777777778,11099.02
imagenet,50,layer3,KL-Hist,49,29.99735135135135,226.51061224489797,0.001770861896716042,0.655328798185941,11099.02
imagenet,50,layer3,HDDDM,36,29.99735135135135,308.30611111111114,0.3145269908333174,0.8148148148148148,11099.02
imagenet,50,layer3,PSI,46,29.99735135135135,241.28304347826088,0.007902886508320215,0.4444444444444444,11099.02
imagenet,50,layer3,T2,35,29.99735135135135,317.11485714285715,0.4051033856438455,0.8412698412698413,11099.02
imagenet,50,layer3,Frechet,35,29.99735135135135,317.11485714285715,0.4051033856438455,1.7936507936507937,11099.02
imagenet,50,layer3,MMD,35,29.99735135135135,317.11485714285715,0.4051033856438455,1.8571428571428572,11099.02
imagenet,50,layer3,CUSUM,0,29.99735135135135,inf,1.8764881753442784e-13,,11099.02
imagenet,50,layer3,EWMA,35,29.99735135135135,317.11485714285715,0.4051033856438455,0.7777777777777778,11099.02
imagenet,50,layer3,SPE,80,29.99735135135135,138.73775,6.086641165189213e-14,0.6944444444444444,11099.02
imagenet,50,layer3,CUSUM-R,24,29.99735135135135,462.4591666666667,0.3147097585278856,0.11111111111111113,11099.02
imagenet,50,layer4,KSWIN,32,29.99735135135135,346.844375,0.762341681982474,1.097222222222222,11099.02
imagenet,50,layer4,KL-Gauss,22,29.99735135135135,504.5009090909091,0.16127648623203544,0.6868686868686869,11099.02
imagenet,50,layer4,KL-Hist,20,29.99735135135135,554.951,0.07064031112581588,0.5555555555555556,11099.02
imagenet,50,layer4,HDDDM,25,29.99735135135135,443.9608,0.4169855622387186,0.8222222222222222,11099.02
imagenet,50,layer4,PSI,22,29.99735135135135,504.5009090909091,0.16127648623203544,0.8888888888888888,11099.02
imagenet,50,layer4,T2,29,29.99735135135135,382.7248275862069,0.9518187558646063,1.1839080459770115,11099.02
imagenet,50,layer4,Frechet,16,29.99735135135135,693.68875,0.00775565463812534,0.5833333333333331,11099.02
imagenet,50,layer4,MMD,13,29.99735135135135,853.7707692307692,0.0008158375220350545,1.034188034188034,11099.02
imagenet,50,layer4,CUSUM,0,29.99735135135135,inf,1.8764881753442784e-13,,11099.02
imagenet,50,layer4,EWMA,39,29.99735135135135,284.5902564102564,0.1295606611505475,2.0769230769230775,11099.02
imagenet,50,layer4,SPE,34,29.99735135135135,326.44176470588235,0.5107851767205657,0.6013071895424837,11099.02
imagenet,50,layer4,CUSUM-R,0,29.99735135135135,inf,1.8764881753442784e-13,,11099.02
imagenet,50,vae_latent,KSWIN,47,29.99735135135135,236.14936170212766,0.00489272363365632,1.1843971631205672,11099.02
imagenet,50,vae_latent,KL-Gauss,18,29.99735135135135,616.6122222222223,0.02589541529640437,1.9506172839506173,11099.02
imagenet,50,vae_latent,KL-Hist,48,29.99735135135135,231.22958333333335,0.0029715127107608334,1.2407407407407407,11099.02
imagenet,50,vae_latent,HDDDM,31,29.99735135135135,358.0329032258065,0.9029122081784053,0.6057347670250897,11099.02
imagenet,50,vae_latent,PSI,51,29.99735135135135,217.6278431372549,0.0005948569371677758,1.3267973856209152,11099.02
imagenet,50,vae_latent,T2,42,29.99735135135135,264.26238095238097,0.04416006020562359,0.9947089947089948,11099.02
imagenet,50,vae_latent,Frechet,18,29.99735135135135,616.6122222222223,0.02589541529640437,1.08641975308642,11099.02
imagenet,50,vae_latent,MMD,29,29.99735135135135,382.7248275862069,0.9518187558646063,1.3371647509578546,11099.02
imagenet,50,vae_latent,CUSUM,5216,29.99735135135135,2.127879601226994,0.0,598.424591002045,11099.02
imagenet,50,vae_latent,EWMA,31,29.99735135135135,358.0329032258065,0.9029122081784053,1.4659498207885306,11099.02
imagenet,50,vae_latent,SPE,19,29.99735135135135,584.1589473684211,0.043794321786458534,1.4561403508771933,11099.02
imagenet,50,vae_latent,CUSUM-R,48,29.99735135135135,231.22958333333335,0.0029715127107608334,0.08333333333333333,11099.02
imagenet,50,pixel,VAE,28,29.99735135135135,396.3935714285714,0.8065368932206457,0.6190476190476191,11099.02
imagenet,51,layer1,KSWIN,27,29.99735135135135,411.07481481481483,0.6660853591059495,1.814814814814815,11099.02
imagenet,51,layer1,KL-Gauss,185,29.99735135135135,59.9947027027027,9.881380634440887e-81,0.9039039039039038,11099.02
imagenet,51,layer1,KL-Hist,21,29.99735135135135,528.5247619047619,0.10898833848711728,0.5767195767195767,11099.02
imagenet,51,layer1,HDDDM,28,29.99735135135135,396.3935714285714,0.8065368932206457,0.380952380952381,11099.02
imagenet,51,layer1,PSI,26,29.99735135135135,426.8853846153846,0.5349856860331688,0.6153846153846155,11099.02
imagenet,51,layer1,T2,32,29.99735135135135,346.844375,0.762341681982474,0.8888888888888891,11099.02
imagenet,51,layer1,Frechet,59,29.99735135135135,188.11898305084748,3.7473444492854796e-06,1.2222222222222223,11099.02
imagenet,51,layer1,MMD,36,29.99735135135135,308.30611111111114,0.3145269908333174,0.8765432098765433,11099.02
imagenet,51,layer1,CUSUM,0,29.99735135135135,inf,1.8764881753442784e-13,,11099.02
imagenet,51,layer1,EWMA,35,29.99735135135135,317.11485714285715,0.4051033856438455,0.7142857142857143,11099.02
imagenet,51,layer1,SPE,117,29.99735135135135,94.86341880341881,4.170907778698611e-33,0.6847103513770181,11099.02
imagenet,51,layer1,CUSUM-R,0,29.99735135135135,inf,1.8764881753442784e-13,,11099.02
imagenet,51,layer2,KSWIN,28,29.99735135135135,396.3935714285714,0.8065368932206457,1.1746031746031749,11099.02
imagenet,51,layer2,KL-Gauss,38,29.99735135135135,292.07947368421054,0.17786386514626654,0.8654970760233918,11099.02
imagenet,51,layer2,KL-Hist,24,29.99735135135135,462.4591666666667,0.3147097585278856,0.38888888888888884,11099.02
imagenet,51,layer2,HDDDM,28,29.99735135135135,396.3935714285714,0.8065368932206457,2.8412698412698405,11099.02
imagenet,51,layer2,PSI,22,29.99735135135135,504.5009090909091,0.16127648623203544,0.6868686868686867,11099.02
imagenet,51,layer2,T2,26,29.99735135135135,426.8853846153846,0.5349856860331688,0.7863247863247862,11099.02
imagenet,51,layer2,Frechet,72,29.99735135135135,154.15305555555557,1.1572607018676593e-10,0.5493827160493827,11099.02
imagenet,51,layer2,MMD,25,29.99735135135135,443.9608,0.4169855622387186,0.5555555555555556,11099.02
imagenet,51,layer2,CUSUM,6096,29.99735135135135,1.8207053805774278,0.0,499.66615631379415,11099.02
imagenet,51,layer2,EWMA,29,29.99735135135135,382.7248275862069,0.9518187558646063,0.5708812260536399,11099.02
imagenet,51,layer2,SPE,50,29.99735135135135,221.9804,0.001035834461630611,1.2444444444444445,11099.02
imagenet,51,layer2,CUSUM-R,50,29.99735135135135,221.9804,0.001035834461630611,0.13333333333333333,11099.02
imagenet,51,layer3,KSWIN,44,29.99735135135135,252.25045454545455,0.01944347440014765,1.525252525252525,11099.02
imagenet,51,layer3,KL-Gauss,13,29.99735135135135,853.7707692307692,0.0008158375220350545,0.6923076923076922,11099.02
imagenet,51,layer3,KL-Hist,43,29.99735135135135,258.1167441860465,0.029600447151720666,0.7260981912144703,11099.02
imagenet,51,layer3,HDDDM,25,29.99735135135135,443.9608,0.4169855622387186,0.5555555555555556,11099.02
imagenet,51,layer3,PSI,45,29.99735135135135,246.6448888888889,0.01251887712071482,0.4074074074074074,11099.02
imagenet,51,layer3,T2,39,29.99735135135135,284.5902564102564,0.1295606611505475,0.8803418803418805,11099.02
imagenet,51,layer3,Frechet,28,29.99735135135135,396.3935714285714,0.8065368932206457,0.5396825396825397,11099.02
imagenet,51,layer3,MMD,32,29.99735135135135,346.844375,0.762341681982474,0.6111111111111109,11099.02
imagenet,51,layer3,CUSUM,0,29.99735135135135,inf,1.8764881753442784e-13,,11099.02
imagenet,51,layer3,EWMA,29,29.99735135135135,382.7248275862069,0.9518187558646063,0.3409961685823755,11099.02
imagenet,51,layer3,SPE,94,29.99735135135135,118.07468085106383,1.764474354214573e-20,1.6832151300236406,11099.02
imagenet,51,layer3,CUSUM-R,28,29.99735135135135,396.3935714285714,0.8065368932206457,0.14285714285714285,11099.02
imagenet,51,layer4,KSWIN,41,29.99735135135135,270.7078048780488,0.06454531826062763,1.3252032520325205,11099.02
imagenet,51,layer4,KL-Gauss,52,29.99735135135135,213.4426923076923,0.0003354812952195311,1.05982905982906,11099.02
imagenet,51,layer4,KL-Hist,36,29.99735135135135,308.30611111111114,0.3145269908333174,1.4938271604938276,11099.02
imagenet,51,layer4,HDDDM,31,29.99735135135135,358.0329032258065,0.9029122081784053,1.1075268817204302,11099.02
imagenet,51,layer4,PSI,37,29.99735135135135,299.9735135135135,0.23905332585359146,1.3843843843843844,11099.02
imagenet,51,layer4,T2,47,29.99735135135135,236.14936170212766,0.00489272363365632,1.7044917257683219,11099.02
imagenet,51,layer4,Frechet,22,29.99735135135135,504.5009090909091,0.16127648623203544,1.1919191919191918,11099.02
imagenet,51,layer4,MMD,39,29.99735135135135,284.5902564102564,0.1295606611505475,0.7094017094017097,11099.02
imagenet,51,layer4,CUSUM,11079,29.99735135135135,1.0018070222944309,0.0,0.0357934430504157,11099.02
imagenet,51,layer4,EWMA,37,29.99735135135135,299.9735135135135,0.23905332585359146,1.8048048048048047,11099.02
imagenet,51,layer4,SPE,41,29.99735135135135,270.7078048780488,0.06454531826062763,0.6205962059620598,11099.02
imagenet,51,layer4,CUSUM-R,304,29.99735135135135,36.50993421052632,8.766048144699576e-189,0.1769005847953216,11099.02
imagenet,51,vae_latent,KSWIN,31,29.99735135135135,358.0329032258065,0.9029122081784053,0.6057347670250895,11099.02
imagenet,51,vae_latent,KL-Gauss,30,29.99735135135135,369.96733333333333,1.0,1.3333333333333333,11099.02
imagenet,51,vae_latent,KL-Hist,30,29.99735135135135,369.96733333333333,1.0,0.6666666666666666,11099.02
imagenet,51,vae_latent,HDDDM,38,29.99735135135135,292.07947368421054,0.17786386514626654,0.6900584795321638,11099.02
imagenet,51,vae_latent,PSI,29,29.99735135135135,382.7248275862069,0.9518187558646063,0.8773946360153256,11099.02
imagenet,51,vae_latent,T2,48,29.99735135135135,231.22958333333335,0.0029715127107608334,0.5462962962962963,11099.02
imagenet,51,vae_latent,Frechet,34,29.99735135135135,326.44176470588235,0.5107851767205657,0.8627450980392157,11099.02
imagenet,51,vae_latent,MMD,17,29.99735135135135,652.8835294117647,0.014558440263916502,1.1830065359477122,11099.02
imagenet,51,vae_latent,CUSUM,5390,29.99735135135135,2.059187384044527,0.0,603.0451453308596,11099.02
imagenet,51,vae_latent,EWMA,35,29.99735135135135,317.11485714285715,0.4051033856438455,0.7777777777777778,11099.02
imagenet,51,vae_latent,SPE,33,29.99735135135135,336.33393939393943,0.6305684487342333,0.7441077441077442,11099.02
imagenet,51,vae_latent,CUSUM-R,51,29.99735135135135,217.6278431372549,0.0005948569371677758,0.28104575163398693,11099.02
imagenet,51,pixel,VAE,73,29.99735135135135,152.0413698630137,4.7126804829886314e-11,1.371385083713851,11099.02
imagenet,52,layer1,KSWIN,38,29.99735135135135,292.07947368421054,0.17786386514626654,1.567251461988304,11099.02
imagenet,52,layer1,KL-Gauss,65,29.99735135135135,170.75415384615386,4.23070044612401e-08,0.3504273504273504,11099.02
imagenet,52,layer1,KL-Hist,22,29.99735135135135,504.5009090909091,0.16127648623203544,0.8888888888888888,11099.02
imagenet,52,layer1,HDDDM,27,29.99735135135135,411.07481481481483,0.6660853591059495,0.9917695473251029,11099.02
imagenet,52,layer1,PSI,25,29.99735135135135,443.9608,0.4169855622387186,0.5555555555555556,11099.02
imagenet,52,layer1,T2,29,29.99735135135135,382.7248275862069,0.9518187558646063,0.7241379310344827,11099.02
imagenet,52,layer1,Frechet,62,29.99735135135135,179.01645161290324,4.2678004006325684e-07,0.3512544802867384,11099.02
imagenet,52,layer1,MMD,34,29.99735135135135,326.44176470588235,0.5107851767205657,1.2549019607843135,11099.02
imagenet,52,layer1,CUSUM,0,29.99735135135135,inf,1.8764881753442784e-13,,11099.02
imagenet,52,layer1,EWMA,27,29.99735135135135,411.07481481481483,0.6660853591059495,0.9094650205761317,11099.02
imagenet,52,layer1,SPE,9,29.99735135135135,1233.2244444444445,1.4270414025276317e-05,2.08641975308642,11099.02
imagenet,52,layer1,CUSUM-R,26,29.99735135135135,426.8853846153846,0.5349856860331688,0.10256410256410257,11099.02
imagenet,52,layer2,KSWIN,34,29.99735135135135,326.44176470588235,0.5107851767205657,0.6013071895424836,11099.02
imagenet,52,layer2,KL-Gauss,63,29.99735135135135,176.17492063492065,2.0052937076702767e-07,1.0599647266313934,11099.02
imagenet,52,layer2,KL-Hist,62,29.99735135135135,179.01645161290324,4.2678004006325684e-07,1.8566308243727598,11099.02
imagenet,52,layer2,HDDDM,28,29.99735135135135,396.3935714285714,0.8065368932206457,1.1746031746031746,11099.02
imagenet,52,layer2,PSI,49,29.99735135135135,226.51061224489797,0.001770861896716042,0.9274376417233559,11099.02
imagenet,52,layer2,T2,40,29.99735135135135,277.4755,0.09240763085168613,1.1666666666666667,11099.02
imagenet,52,layer2,Frechet,52,29.99735135135135,213.4426923076923,0.0003354812952195311,1.017094017094017,11099.02
imagenet,52,layer2,MMD,31,29.99735135135135,358.0329032258065,0.9029122081784053,1.0358422939068102,11099.02
imagenet,52,layer2,CUSUM,3161,29.99735135135135,3.5112369503321736,0.0,826.2114309817567,11099.02
imagenet,52,layer2,EWMA,43,29.99735135135135,258.1167441860465,0.029600447151720666,2.069767441860465,11099.02
imagenet,52,layer2,SPE,30,29.99735135135135,369.96733333333333,1.0,1.037037037037037,11099.02
imagenet,52,layer2,CUSUM-R,40,29.99735135135135,277.4755,0.09240763085168613,0.2222222222222222,11099.02
imagenet,52,layer3,KSWIN,33,29.99735135135135,336.33393939393943,0.6305684487342333,0.946127946127946,11099.02
imagenet,52,layer3,KL-Gauss,8,29.99735135135135,1387.3775,4.100225854971944e-06,1.3333333333333333,11099.02
imagenet,52,layer3,KL-Hist,22,29.99735135135135,504.5009090909091,0.16127648623203544,1.0909090909090908,11099.02
imagenet,52,layer3,HDDDM,37,29.99735135135135,299.9735135135135,0.23905332585359146,1.144144144144144,11099.02
imagenet,52,layer3,PSI,22,29.99735135135135,504.5009090909091,0.16127648623203544,0.4848484848484848,11099.02
imagenet,52,layer3,T2,17,29.99735135135135,652.8835294117647,0.014558440263916502,0.3986928104575164,11099.02
imagenet,52,layer3,Frechet,35,29.99735135135135,317.11485714285715,0.4051033856438455,0.6507936507936508,11099.02
imagenet,52,layer3,MMD,13,29.99735135135135,853.7707692307692,0.0008158375220350545,0.35042735042735046,11099.02
imagenet,52,layer3,CUSUM,9163,29.99735135135135,1.2112866964967806,0.0,186.64194162513488,11099.02
imagenet,52,layer3,EWMA,22,29.99735135135135,504.5009090909091,0.16127648623203544,0.4848484848484848,11099.02
imagenet,52,layer3,SPE,38,29.99735135135135,292.07947368421054,0.17786386514626654,1.1578947368421053,11099.02
imagenet,52,layer3,CUSUM-R,65,29.99735135135135,170.75415384615386,4.23070044612401e-08,0.4188034188034188,11099.02
imagenet,52,layer4,KSWIN,28,29.99735135135135,396.3935714285714,0.8065368932206457,0.6984126984126984,11099.02
imagenet,52,layer4,KL-Gauss,23,29.99735135135135,482.56608695652176,0.2294723966414121,1.6473429951690826,11099.02
imagenet,52,layer4,KL-Hist,29,29.99735135135135,382.7248275862069,0.9518187558646063,1.0306513409961686,11099.02
imagenet,52,layer4,HDDDM,33,29.99735135135135,336.33393939393943,0.6305684487342333,1.2828282828282829,11099.02
imagenet,52,layer4,PSI,23,29.99735135135135,482.56608695652176,0.2294723966414121,0.7777777777777779,11099.02
imagenet,52,layer4,T2,18,29.99735135135135,616.6122222222223,0.02589541529640437,0.8395061728395061,11099.02
imagenet,52,layer4,Frechet,38,29.99735135135135,292.07947368421054,0.17786386514626654,1.04093567251462,11099.02
imagenet,52,layer4,MMD,39,29.99735135135135,284.5902564102564,0.1295606611505475,0.36752136752136755,11099.02
imagenet,52,layer4,CUSUM,1287,29.99735135135135,8.623947163947165,0.0,947.7614607614607,11099.02
imagenet,52,layer4,EWMA,31,29.99735135135135,358.0329032258065,0.9029122081784053,1.8243727598566308,11099.02
imagenet,52,layer4,SPE,43,29.99735135135135,258.1167441860465,0.029600447151720666,0.9328165374677003,11099.02
imagenet,52,layer4,CUSUM-R,32,29.99735135135135,346.844375,0.762341681982474,0.055555555555555546,11099.02
imagenet,52,vae_latent,KSWIN,31,29.99735135135135,358.0329032258065,0.9029122081784053,1.3225806451612905,11099.02
imagenet,52,vae_latent,KL-Gauss,10,29.99735135135135,1109.902,4.477828481067406e-05,1.5555555555555556,11099.02
imagenet,52,vae_latent,KL-Hist,32,29.99735135135135,346.844375,0.762341681982474,0.5416666666666666,11099.02
imagenet,52,vae_latent,HDDDM,24,29.99735135135135,462.4591666666667,0.3147097585278856,1.0370370370370372,11099.02
imagenet,52,vae_latent,PSI,26,29.99735135135135,426.8853846153846,0.5349856860331688,0.5299145299145299,11099.02
imagenet,52,vae_latent,T2,28,29.99735135135135,396.3935714285714,0.8065368932206457,1.6507936507936511,11099.02
imagenet,52,vae_latent,Frechet,16,29.99735135135135,693.68875,0.00775565463812534,1.0,11099.02
imagenet,52,vae_latent,MMD,9,29.99735135135135,1233.2244444444445,1.4270414025276317e-05,0.6049382716049383,11099.02
imagenet,52,vae_latent,CUSUM,103,29.99735135135135,107.75747572815534,3.666419863554023e-25,103.0,11099.02
imagenet,52,vae_latent,EWMA,42,29.99735135135135,264.26238095238097,0.04416006020562359,0.6772486772486771,11099.02
imagenet,52,vae_latent,SPE,6,29.99735135135135,1849.8366666666668,2.3514126953118706e-07,0.8148148148148149,11099.02
imagenet,52,vae_latent,CUSUM-R,32,29.99735135135135,346.844375,0.762341681982474,0.12499999999999999,11099.02
imagenet,52,pixel,VAE,16,29.99735135135135,693.68875,0.00775565463812534,1.4166666666666665,11099.02
imagenet,53,layer1,KSWIN,31,29.99735135135135,358.0329032258065,0.9029122081784053,0.6774193548387097,11099.02
imagenet,53,layer1,KL-Gauss,8,29.99735135135135,1387.3775,4.100225854971944e-06,0.7777777777777779,11099.02
imagenet,53,layer1,KL-Hist,28,29.99735135135135,396.3935714285714,0.8065368932206457,0.8571428571428573,11099.02
imagenet,53,layer1,HDDDM,33,29.99735135135135,336.33393939393943,0.6305684487342333,1.1481481481481484,11099.02
imagenet,53,layer1,PSI,36,29.99735135135135,308.30611111111114,0.3145269908333174,0.9999999999999999,11099.02
imagenet,53,layer1,T2,46,29.99735135135135,241.28304347826088,0.007902886508320215,1.5072463768115945,11099.02
imagenet,53,layer1,Frechet,80,29.99735135135135,138.73775,6.086641165189213e-14,0.75,11099.02
imagenet,53,layer1,MMD,39,29.99735135135135,284.5902564102564,0.1295606611505475,1.393162393162393,11099.02
imagenet,53,layer1,CUSUM,5848,29.99735135135135,1.8979172366621069,0.0,537.2723058215535,11099.02
imagenet,53,layer1,EWMA,38,29.99735135135135,292.07947368421054,0.17786386514626654,1.3333333333333333,11099.02
imagenet,53,layer1,SPE,2,29.99735135135135,5549.51,9.024367440287364e-11,2.0000000000000004,11099.02
imagenet,53,layer1,CUSUM-R,58,29.99735135135135,191.36241379310346,7.4883040612345936e-06,0.10727969348659004,11099.02
imagenet,53,layer2,KSWIN,34,29.99735135135135,326.44176470588235,0.5107851767205657,1.843137254901961,11099.02
imagenet,53,layer2,KL-Gauss,78,29.99735135135135,142.2951282051282,4.3376523607357975e-13,0.5071225071225072,11099.02
imagenet,53,layer2,KL-Hist,33,29.99735135135135,336.33393939393943,0.6305684487342333,0.47474747474747475,11099.02
imagenet,53,layer2,HDDDM,42,29.99735135135135,264.26238095238097,0.04416006020562359,0.6243386243386243,11099.02
imagenet,53,layer2,PSI,37,29.99735135135135,299.9735135135135,0.23905332585359146,0.7837837837837839,11099.02
imagenet,53,layer2,T2,51,29.99735135135135,217.6278431372549,0.0005948569371677758,0.6296296296296297,11099.02
imagenet,53,layer2,Frechet,79,29.99735135135135,140.49392405063293,1.6349254812217778e-13,0.80028129395218,11099.02
imagenet,53,layer2,MMD,41,29.99735135135135,270.7078048780488,0.06454531826062763,1.2168021680216805,11099.02
imagenet,53,layer2,CUSUM,10955,29.99735135135135,1.013146508443633,0.0,1.89000456412597,11099.02
imagenet,53,layer2,EWMA,39,29.99735135135135,284.5902564102564,0.1295606611505475,0.6524216524216525,11099.02
imagenet,53,layer2,SPE,4,29.99735135135135,2774.755,7.265351032872022e-09,0.6666666666666667,11099.02
imagenet,53,layer2,CUSUM-R,126,29.99735135135135,88.08746031746033,1.3407425058198687e-38,0.30335097001763667,11099.02
imagenet,53,layer3,KSWIN,18,29.99735135135135,616.6122222222223,0.02589541529640437,0.8395061728395061,11099.02
imagenet,53,layer3,KL-Gauss,42,29.99735135135135,264.26238095238097,0.04416006020562359,0.7301587301587302,11099.02
imagenet,53,layer3,KL-Hist,36,29.99735135135135,308.30611111111114,0.3145269908333174,0.8765432098765433,11099.02
imagenet,53,layer3,HDDDM,33,29.99735135135135,336.33393939393943,0.6305684487342333,0.47474747474747475,11099.02
imagenet,53,layer3,PSI,34,29.99735135135135,326.44176470588235,0.5107851767205657,1.1895424836601307,11099.02
imagenet,53,layer3,T2,30,29.99735135135135,369.96733333333333,1.0,0.7407407407407408,11099.02
imagenet,53,layer3,Frechet,23,29.99735135135135,482.56608695652176,0.2294723966414121,1.2608695652173911,11099.02
imagenet,53,layer3,MMD,28,29.99735135135135,396.3935714285714,0.8065368932206457,1.015873015873016,11099.02
imagenet,53,layer3,CUSUM,0,29.99735135135135,inf,1.8764881753442784e-13,,11099.02
imagenet,53,layer3,EWMA,35,29.99735135135135,317.11485714285715,0.4051033856438455,0.33333333333333337,11099.02
imagenet,53,layer3,SPE,34,29.99735135135135,326.44176470588235,0.5107851767205657,0.6013071895424837,11099.02
imagenet,53,layer3,CUSUM-R,9,29.99735135135135,1233.2244444444445,1.4270414025276317e-05,0.6049382716049383,11099.02
imagenet,53,layer4,KSWIN,35,29.99735135135135,317.11485714285715,0.4051033856438455,0.8412698412698413,11099.02
imagenet,53,layer4,KL-Gauss,25,29.99735135135135,443.9608,0.4169855622387186,0.28888888888888886,11099.02
imagenet,53,layer4,KL-Hist,25,29.99735135135135,443.9608,0.4169855622387186,0.6444444444444445,11099.02
imagenet,53,layer4,HDDDM,21,29.99735135135135,528.5247619047619,0.10898833848711728,0.5767195767195767,11099.02
imagenet,53,layer4,PSI,26,29.99735135135135,426.8853846153846,0.5349856860331688,0.8717948717948719,11099.02
imagenet,53,layer4,T2,86,29.99735135135135,129.05837209302325,1.2602972940283422e-16,1.0904392764857882,11099.02
imagenet,53,layer4,Frechet,27,29.99735135135135,411.07481481481483,0.6660853591059495,0.5802469135802468,11099.02
imagenet,53,layer4,MMD,23,29.99735135135135,482.56608695652176,0.2294723966414121,0.4879227053140097,11099.02
imagenet,53,layer4,CUSUM,10981,29.99735135135135,1.0107476550405246,0.0,1.2657114814477535,11099.02
imagenet,53,layer4,EWMA,87,29.99735135135135,127.57494252873563,4.3202194682428916e-17,0.5887611749680717,11099.02
imagenet,53,layer4,SPE,4,29.99735135135135,2774.755,7.265351032872022e-09,0.6666666666666667,11099.02
imagenet,53,layer4,CUSUM-R,241,29.99735135135135,46.05402489626556,2.0719523319823562e-128,0.17934532042415854,11099.02
imagenet,53,vae_latent,KSWIN,39,29.99735135135135,284.5902564102564,0.1295606611505475,1.507122507122507,11099.02
imagenet,53,vae_latent,KL-Gauss,32,29.99735135135135,346.844375,0.762341681982474,0.47222222222222227,11099.02
imagenet,53,vae_latent,KL-Hist,28,29.99735135135135,396.3935714285714,0.8065368932206457,2.285714285714286,11099.02
imagenet,53,vae_latent,HDDDM,28,29.99735135135135,396.3935714285714,0.8065368932206457,0.9365079365079364,11099.02
imagenet,53,vae_latent,PSI,29,29.99735135135135,382.7248275862069,0.9518187558646063,2.6398467432950192,11099.02
imagenet,53,vae_latent,T2,10,29.99735135135135,1109.902,4.477828481067406e-05,1.5555555555555556,11099.02
imagenet,53,vae_latent,Frechet,14,29.99735135135135,792.7871428571428,0.001844086339538801,0.507936507936508,11099.02
imagenet,53,vae_latent,MMD,17,29.99735135135135,652.8835294117647,0.014558440263916502,1.0522875816993464,11099.02
imagenet,53,vae_latent,CUSUM,262,29.99735135135135,42.362671755725195,8.007060847167234e-148,69.38761662425783,11099.02
imagenet,53,vae_latent,EWMA,12,29.99735135135135,924.9183333333334,0.0003359457050395507,0.3333333333333334,11099.02
imagenet,53,vae_latent,SPE,21,29.99735135135135,528.5247619047619,0.10898833848711728,0.7883597883597884,11099.02
imagenet,53,vae_latent,CUSUM-R,44,29.99735135135135,252.25045454545455,0.01944347440014765,1.7777777777777777,11099.02
imagenet,53,pixel,VAE,7,29.99735135135135,1585.5742857142857,1.0489000075445509e-06,2.238095238095238,11099.02
imagenet,54,layer1,KSWIN,34,29.99735135135135,326.44176470588235,0.5107851767205657,1.7777777777777777,11099.02
imagenet,54,layer1,KL-Gauss,7,29.99735135135135,1585.5742857142857,1.0489000075445509e-06,0.9682539682539684,11099.02
imagenet,54,layer1,KL-Hist,23,29.99735135135135,482.56608695652176,0.2294723966414121,0.7777777777777778,11099.02
imagenet,54,layer1,HDDDM,21,29.99735135135135,528.5247619047619,0.10898833848711728,0.9999999999999998,11099.02
imagenet,54,layer1,PSI,33,29.99735135135135,336.33393939393943,0.6305684487342333,1.0808080808080809,11099.02
imagenet,54,layer1,T2,60,29.99735135135135,184.98366666666666,1.845329536220293e-06,0.8888888888888888,11099.02
imagenet,54,layer1,Frechet,25,29.99735135135135,443.9608,0.4169855622387186,1.0,11099.02
imagenet,54,layer1,MMD,33,29.99735135135135,336.33393939393943,0.6305684487342333,1.0808080808080809,11099.02
imagenet,54,layer1,CUSUM,7553,29.99735135135135,1.469484972858467,0.0,365.5407122997485,11099.02
imagenet,54,layer1,EWMA,53,29.99735135135135,209.4154716981132,0.00018585471322907479,1.1341719077568135,11099.02
imagenet,54,layer1,SPE,23,29.99735135135135,482.56608695652176,0.2294723966414121,0.4879227053140097,11099.02
imagenet,54,layer1,CUSUM-R,80,29.99735135135135,138.73775,6.086641165189213e-14,0.08333333333333333,11099.02
imagenet,54,layer2,KSWIN,38,29.99735135135135,292.07947368421054,0.17786386514626654,1.216374269005848,11099.02
imagenet,54,layer2,KL-Gauss,11,29.99735135135135,1009.0018181818182,0.00012797422289532895,1.3030303030303032,11099.02
imagenet,54,layer2,KL-Hist,27,29.99735135135135,411.07481481481483,0.6660853591059495,0.4979423868312756,11099.02
imagenet,54,layer2,HDDDM,25,29.99735135135135,443.9608,0.4169855622387186,1.2666666666666666,11099.02
imagenet,54,layer2,PSI,30,29.99735135135135,369.96733333333333,1.0,0.5925925925925926,11099.02
imagenet,54,layer2,T2,32,29.99735135135135,346.844375,0.762341681982474,0.19444444444444445,11099.02
imagenet,54,layer2,Frechet,22,29.99735135135135,504.5009090909091,0.16127648623203544,0.3838383838383838,11099.02
imagenet,54,layer2,MMD,29,29.99735135135135,382.7248275862069,0.9518187558646063,1.1839080459770115,11099.02
imagenet,54,layer2,CUSUM,9769,29.99735135135135,1.1361469955983212,0.0,125.49276054639962,11099.02
imagenet,54,layer2,EWMA,25,29.99735135135135,443.9608,0.4169855622387186,0.28888888888888886,11099.02
imagenet,54,layer2,SPE,14,29.99735135135135,792.7871428571428,0.001844086339538801,1.3015873015873014,11099.02
imagenet,54,layer2,CUSUM-R,137,29.99735135135135,81.01474452554744,1.0960296059242857e-45,0.08191403081914031,11099.02
imagenet,54,layer3,KSWIN,32,29.99735135135135,346.844375,0.762341681982474,0.6111111111111112,11099.02
imagenet,54,layer3,KL-Gauss,45,29.99735135135135,246.6448888888889,0.01251887712071482,1.3950617283950617,11099.02
imagenet,54,layer3,KL-Hist,29,29.99735135135135,382.7248275862069,0.9518187558646063,0.3409961685823755,11099.02
imagenet,54,layer3,HDDDM,38,29.99735135135135,292.07947368421054,0.17786386514626654,1.450292397660819,11099.02
imagenet,54,layer3,PSI,28,29.99735135135135,396.3935714285714,0.8065368932206457,0.3015873015873016,11099.02
imagenet,54,layer3,T2,35,29.99735135135135,317.11485714285715,0.4051033856438455,1.4761904761904763,11099.02
imagenet,54,layer3,Frechet,18,29.99735135135135,616.6122222222223,0.02589541529640437,0.5925925925925926,11099.02
imagenet,54,layer3,MMD,18,29.99735135135135,616.6122222222223,0.02589541529640437,0.34567901234567905,11099.02
imagenet,54,layer3,CUSUM,2077,29.99735135135135,5.343774675012037,0.0,928.5808056491733,11099.02
imagenet,54,layer3,EWMA,35,29.99735135135135,317.11485714285715,0.4051033856438455,1.3492063492063493,11099.02
imagenet,54,layer3,SPE,47,29.99735135135135,236.14936170212766,0.00489272363365632,0.9479905437352246,11099.02
imagenet,54,layer3,CUSUM-R,39,29.99735135135135,284.5902564102564,0.1295606611505475,0.025641025641025644,11099.02
imagenet,54,layer4,KSWIN,30,29.99735135135135,369.96733333333333,1.0,1.6296296296296298,11099.02
imagenet,54,layer4,KL-Gauss,85,29.99735135135135,130.57670588235294,3.634896271959083e-16,0.5555555555555556,11099.02
imagenet,54,layer4,KL-Hist,37,29.99735135135135,299.9735135135135,0.23905332585359146,0.8438438438438438,11099.02
imagenet,54,layer4,HDDDM,41,29.99735135135135,270.7078048780488,0.06454531826062763,1.5962059620596207,11099.02
imagenet,54,layer4,PSI,26,29.99735135135135,426.8853846153846,0.5349856860331688,0.6153846153846154,11099.02
imagenet,54,layer4,T2,51,29.99735135135135,217.6278431372549,0.0005948569371677758,0.7603485838779956,11099.02
imagenet,54,layer4,Frechet,52,29.99735135135135,213.4426923076923,0.0003354812952195311,0.6752136752136751,11099.02
imagenet,54,layer4,MMD,43,29.99735135135135,258.1167441860465,0.029600447151720666,0.5710594315245477,11099.02
imagenet,54,layer4,CUSUM,3607,29.99735135135135,3.0770779040754093,0.0,760.9648214890799,11099.02
imagenet,54,layer4,EWMA,61,29.99735135135135,181.9511475409836,8.944060425081079e-07,1.0364298724954464,11099.02
imagenet,54,layer4,SPE,27,29.99735135135135,411.07481481481483,0.6660853591059495,0.1687242798353909,11099.02
imagenet,54,layer4,CUSUM-R,48,29.99735135135135,231.22958333333335,0.0029715127107608334,0.26851851851851855,11099.02
imagenet,54,vae_latent,KSWIN,49,29.99735135135135,226.51061224489797,0.001770861896716042,0.6099773242630385,11099.02
imagenet,54,vae_latent,KL-Gauss,69,29.99735135135135,160.85536231884058,1.5795012618971514e-09,0.5297906602254427,11099.02
imagenet,54,vae_latent,KL-Hist,33,29.99735135135135,336.33393939393943,0.6305684487342333,0.6767676767676768,11099.02
imagenet,54,vae_latent,HDDDM,29,29.99735135135135,382.7248275862069,0.9518187558646063,1.4137931034482758,11099.02
imagenet,54,vae_latent,PSI,34,29.99735135135135,326.44176470588235,0.5107851767205657,0.47058823529411764,11099.02
imagenet,54,vae_latent,T2,63,29.99735135135135,176.17492063492065,2.0052937076702767e-07,1.0952380952380951,11099.02
imagenet,54,vae_latent,Frechet,96,29.99735135135135,115.61479166666668,1.7248280847277585e-21,0.7685185185185186,11099.02
imagenet,54,vae_latent,MMD,40,29.99735135135135,277.4755,0.09240763085168613,0.4444444444444444,11099.02
imagenet,54,vae_latent,CUSUM,4141,29.99735135135135,2.6802752958222653,0.0,707.9977729480265,11099.02
imagenet,54,vae_latent,EWMA,45,29.99735135135135,246.6448888888889,0.01251887712071482,0.3580246913580247,11099.02
imagenet,54,vae_latent,SPE,46,29.99735135135135,241.28304347826088,0.007902886508320215,0.6376811594202899,11099.02
imagenet,54,vae_latent,CUSUM-R,51,29.99735135135135,217.6278431372549,0.0005948569371677758,0.06318082788671024,11099.02
imagenet,54,pixel,VAE,10,29.99735135135135,1109.902,4.477828481067406e-05,1.1111111111111112,11099.02
imagenet,55,layer1,KSWIN,28,29.99735135135135,396.3935714285714,0.8065368932206457,1.8095238095238095,11099.02
imagenet,55,layer1,KL-Gauss,41,29.99735135135135,270.7078048780488,0.06454531826062763,0.1869918699186992,11099.02
imagenet,55,layer1,KL-Hist,31,29.99735135135135,358.0329032258065,0.9029122081784053,0.96415770609319,11099.02
imagenet,55,layer1,HDDDM,24,29.99735135135135,462.4591666666667,0.3147097585278856,0.6666666666666669,11099.02
imagenet,55,layer1,PSI,30,29.99735135135135,369.96733333333333,1.0,0.8148148148148149,11099.02
imagenet,55,layer1,T2,32,29.99735135135135,346.844375,0.762341681982474,1.2361111111111112,11099.02
imagenet,55,layer1,Frechet,18,29.99735135135135,616.6122222222223,0.02589541529640437,0.962962962962963,11099.02
imagenet,55,layer1,MMD,20,29.99735135135135,554.951,0.07064031112581588,1.0,11099.02
imagenet,55,layer1,CUSUM,0,29.99735135135135,inf,1.8764881753442784e-13,,11099.02
imagenet,55,layer1,EWMA,29,29.99735135135135,382.7248275862069,0.9518187558646063,0.417624521072797,11099.02
imagenet,55,layer1,SPE,142,29.99735135135135,78.16211267605634,4.9038623501790026e-49,1.4209702660406884,11099.02
imagenet,55,layer1,CUSUM-R,0,29.99735135135135,inf,1.8764881753442784e-13,,11099.02
imagenet,55,layer2,KSWIN,22,29.99735135135135,504.5009090909091,0.16127648623203544,0.4848484848484849,11099.02
imagenet,55,layer2,KL-Gauss,17,29.99735135135135,652.8835294117647,0.014558440263916502,0.5294117647058825,11099.02
imagenet,55,layer2,KL-Hist,25,29.99735135135135,443.9608,0.4169855622387186,1.0,11099.02
imagenet,55,layer2,HDDDM,16,29.99735135135135,693.68875,0.00775565463812534,1.6944444444444442,11099.02
imagenet,55,layer2,PSI,24,29.99735135135135,462.4591666666667,0.3147097585278856,0.5740740740740741,11099.02
imagenet,55,layer2,T2,37,29.99735135135135,299.9735135135135,0.23905332585359146,1.084084084084084,11099.02
imagenet,55,layer2,Frechet,27,29.99735135135135,411.07481481481483,0.6660853591059495,0.9917695473251029,11099.02
imagenet,55,layer2,MMD,19,29.99735135135135,584.1589473684211,0.043794321786458534,0.6374269005847953,11099.02
imagenet,55,layer2,CUSUM,10766,29.99735135135135,1.030932565483931,0.0,10.29314508638306,11099.02
imagenet,55,layer2,EWMA,34,29.99735135135135,326.44176470588235,0.5107851767205657,0.5359477124183007,11099.02
imagenet,55,layer2,SPE,97,29.99735135135135,114.42288659793815,5.310199516007015e-22,0.9862542955326463,11099.02
imagenet,55,layer2,CUSUM-R,88,29.99735135135135,126.12522727272727,1.464349743444832e-17,0.3232323232323232,11099.02
imagenet,55,layer3,KSWIN,29,29.99735135135135,382.7248275862069,0.9518187558646063,1.1839080459770117,11099.02
imagenet,55,layer3,KL-Gauss,69,29.99735135135135,160.85536231884058,1.5795012618971514e-09,0.9484702093397747,11099.02
imagenet,55,layer3,KL-Hist,21,29.99735135135135,528.5247619047619,0.10898833848711728,0.9999999999999998,11099.02
imagenet,55,layer3,HDDDM,23,29.99735135135135,482.56608695652176,0.2294723966414121,1.4541062801932367,11099.02
imagenet,55,layer3,PSI,15,29.99735135135135,739.9346666666667,0.0039004024098902414,0.9259259259259259,11099.02
imagenet,55,layer3,T2,41,29.99735135135135,270.7078048780488,0.06454531826062763,1.0542005420054201,11099.02
imagenet,55,layer3,Frechet,33,29.99735135135135,336.33393939393943,0.6305684487342333,0.8114478114478118,11099.02
imagenet,55,layer3,MMD,23,29.99735135135135,482.56608695652176,0.2294723966414121,0.7777777777777779,11099.02
imagenet,55,layer3,CUSUM,711,29.99735135135135,15.61043600562588,0.0,84.9740584466323,11099.02
imagenet,55,layer3,EWMA,43,29.99735135135135,258.1167441860465,0.029600447151720666,1.9664082687338507,11099.02
imagenet,55,layer3,SPE,93,29.99735135135135,119.34430107526882,5.555951962785769e-20,0.7658303464755079,11099.02
imagenet,55,layer3,CUSUM-R,55,29.99735135135135,201.80036363636364,5.4123822758846225e-05,0.21212121212121213,11099.02
imagenet,55,layer4,KSWIN,34,29.99735135135135,326.44176470588235,0.5107851767205657,0.6013071895424837,11099.02
imagenet,55,layer4,KL-Gauss,99,29.99735135135135,112.11131313131314,4.882726834683649e-23,0.5712682379349046,11099.02
imagenet,55,layer4,KL-Hist,18,29.99735135135135,616.6122222222223,0.02589541529640437,0.46913580246913583,11099.02
imagenet,55,layer4,HDDDM,22,29.99735135135135,504.5009090909091,0.16127648623203544,1.1919191919191918,11099.02
imagenet,55,layer4,PSI,20,29.99735135135135,554.951,0.07064031112581588,1.3333333333333333,11099.02
imagenet,55,layer4,T2,62,29.99735135135135,179.01645161290324,4.2678004006325684e-07,1.032258064516129,11099.02
imagenet,55,layer4,Frechet,92,29.99735135135135,120.64152173913044,1.7310570344493344e-19,0.5265700483091788,11099.02
imagenet,55,layer4,MMD,29,29.99735135135135,382.7248275862069,0.9518187558646063,0.9540229885057472,11099.02
imagenet,55,layer4,CUSUM,0,29.99735135135135,inf,1.8764881753442784e-13,,11099.02
imagenet,55,layer4,EWMA,59,29.99735135135135,188.11898305084748,3.7473444492854796e-06,0.807909604519774,11099.02
imagenet,55,layer4,SPE,172,29.99735135135135,64.52918604651163,1.2158851896416077e-70,0.8630490956072351,11099.02
imagenet,55,layer4,CUSUM-R,11,29.99735135135135,1009.0018181818182,0.00012797422289532895,0.49494949494949486,11099.02
imagenet,55,vae_latent,KSWIN,42,29.99735135135135,264.26238095238097,0.04416006020562359,0.30687830687830686,11099.02
imagenet,55,vae_latent,KL-Gauss,31,29.99735135135135,358.0329032258065,0.9029122081784053,0.6057347670250897,11099.02
imagenet,55,vae_latent,KL-Hist,29,29.99735135135135,382.7248275862069,0.9518187558646063,1.8735632183908046,11099.02
imagenet,55,vae_latent,HDDDM,11,29.99735135135135,1009.0018181818182,0.00012797422289532895,1.101010101010101,11099.02
imagenet,55,vae_latent,PSI,29,29.99735135135135,382.7248275862069,0.9518187558646063,1.9501915708812263,11099.02
imagenet,55,vae_latent,T2,16,29.99735135135135,693.68875,0.00775565463812534,0.3055555555555556,11099.02
imagenet,55,vae_latent,Frechet,26,29.99735135135135,426.8853846153846,0.5349856860331688,0.10256410256410257,11099.02
imagenet,55,vae_latent,MMD,16,29.99735135135135,693.68875,0.00775565463812534,0.7222222222222222,11099.02
imagenet,55,vae_latent,CUSUM,0,29.99735135135135,inf,1.8764881753442784e-13,,11099.02
imagenet,55,vae_latent,EWMA,26,29.99735135135135,426.8853846153846,0.5349856860331688,0.7008547008547007,11099.02
imagenet,55,vae_latent,SPE,30,29.99735135135135,369.96733333333333,1.0,1.2592592592592593,11099.02
imagenet,55,vae_latent,CUSUM-R,23,29.99735135135135,482.56608695652176,0.2294723966414121,0.2946859903381642,11099.02
imagenet,55,pixel,VAE,117,29.99735135135135,94.86341880341881,4.170907778698611e-33,0.7986704653371319,11099.02
imagenet,56,layer1,KSWIN,28,29.99735135135135,396.3935714285714,0.8065368932206457,1.6507936507936514,11099.02
imagenet,56,layer1,KL-Gauss,32,29.99735135135135,346.844375,0.762341681982474,0.8888888888888887,11099.02
imagenet,56,layer1,KL-Hist,31,29.99735135135135,358.0329032258065,0.9029122081784053,1.1792114695340503,11099.02
imagenet,56,layer1,HDDDM,25,29.99735135135135,443.9608,0.4169855622387186,0.6444444444444445,11099.02
imagenet,56,layer1,PSI,27,29.99735135135135,411.07481481481483,0.6660853591059495,0.9917695473251029,11099.02
imagenet,56,layer1,T2,29,29.99735135135135,382.7248275862069,0.9518187558646063,1.5670498084291191,11099.02
imagenet,56,layer1,Frechet,31,29.99735135135135,358.0329032258065,0.9029122081784053,1.8243727598566308,11099.02
imagenet,56,layer1,MMD,16,29.99735135135135,693.68875,0.00775565463812534,0.861111111111111,11099.02
imagenet,56,layer1,CUSUM,0,29.99735135135135,inf,1.8764881753442784e-13,,11099.02
imagenet,56,layer1,EWMA,33,29.99735135135135,336.33393939393943,0.6305684487342333,0.4074074074074074,11099.02
imagenet,56,layer1,SPE,23,29.99735135135135,482.56608695652176,0.2294723966414121,0.6811594202898551,11099.02
imagenet,56,layer1,CUSUM-R,23,29.99735135135135,482.56608695652176,0.2294723966414121,0.4879227053140097,11099.02
imagenet,56,layer2,KSWIN,12,29.99735135135135,924.9183333333334,0.0003359457050395507,0.8888888888888891,11099.02
imagenet,56,layer2,KL-Gauss,97,29.99735135135135,114.42288659793815,5.310199516007015e-22,0.7800687285223368,11099.02
imagenet,56,layer2,KL-Hist,41,29.99735135135135,270.7078048780488,0.06454531826062763,1.3252032520325205,11099.02
imagenet,56,layer2,HDDDM,34,29.99735135135135,326.44176470588235,0.5107851767205657,0.8627450980392156,11099.02
imagenet,56,layer2,PSI,35,29.99735135135135,317.11485714285715,0.4051033856438455,0.7142857142857143,11099.02
imagenet,56,layer2,T2,44,29.99735135135135,252.25045454545455,0.01944347440014765,0.31313131313131304,11099.02
imagenet,56,layer2,Frechet,28,29.99735135135135,396.3935714285714,0.8065368932206457,1.6507936507936507,11099.02
imagenet,56,layer2,MMD,11,29.99735135135135,1009.0018181818182,0.00012797422289532895,1.101010101010101,11099.02
imagenet,56,layer2,CUSUM,2103,29.99735135135135,5.27770803613885,0.0,938.282929148835,11099.02
imagenet,56,layer2,EWMA,40,29.99735135135135,277.4755,0.09240763085168613,0.2777777777777778,11099.02
imagenet,56,layer2,SPE,115,29.99735135135135,96.51321739130435,6.327637817181448e-32,0.2946859903381642,11099.02
imagenet,56,layer2,CUSUM-R,39,29.99735135135135,284.5902564102564,0.1295606611505475,0.1396011396011396,11099.02
imagenet,56,layer3,KSWIN,30,29.99735135135135,369.96733333333333,1.0,1.1851851851851851,11099.02
imagenet,56,layer3,KL-Gauss,46,29.99735135135135,241.28304347826088,0.007902886508320215,0.6859903381642513,11099.02
imagenet,56,layer3,KL-Hist,46,29.99735135135135,241.28304347826088,0.007902886508320215,0.15458937198067635,11099.02
imagenet,56,layer3,HDDDM,34,29.99735135135135,326.44176470588235,0.5107851767205657,0.7973856209150326,11099.02
imagenet,56,layer3,PSI,44,29.99735135135135,252.25045454545455,0.01944347440014765,0.31313131313131304,11099.02
imagenet,56,layer3,T2,40,29.99735135135135,277.4755,0.09240763085168613,1.2222222222222223,11099.02
imagenet,56,layer3,Frechet,39,29.99735135135135,284.5902564102564,0.1295606611505475,1.507122507122507,11099.02
imagenet,56,layer3,MMD,34,29.99735135135135,326.44176470588235,0.5107851767205657,1.38562091503268,11099.02
imagenet,56,layer3,CUSUM,0,29.99735135135135,inf,1.8764881753442784e-13,,11099.02
imagenet,56,layer3,EWMA,32,29.99735135135135,346.844375,0.762341681982474,1.097222222222222,11099.02
imagenet,56,layer3,SPE,204,29.99735135135135,54.406960784313725,3.5022303187937534e-96,0.6013071895424836,11099.02
imagenet,56,layer3,CUSUM-R,11,29.99735135135135,1009.0018181818182,0.00012797422289532895,0.29292929292929293,11099.02
imagenet,56,layer4,KSWIN,29,29.99735135135135,382.7248275862069,0.9518187558646063,0.8007662835249042,11099.02
imagenet,56,layer4,KL-Gauss,63,29.99735135135135,176.17492063492065,2.0052937076702767e-07,0.7777777777777779,11099.02
imagenet,56,layer4,KL-Hist,30,29.99735135135135,369.96733333333333,1.0,0.8888888888888888,11099.02
imagenet,56,layer4,HDDDM,28,29.99735135135135,396.3935714285714,0.8065368932206457,1.7301587301587305,11099.02
imagenet,56,layer4,PSI,33,29.99735135135135,336.33393939393943,0.6305684487342333,1.3501683501683504,11099.02
imagenet,56,layer4,T2,69,29.99735135135135,160.85536231884058,1.5795012618971514e-09,1.5603864734299517,11099.02
imagenet,56,layer4,Frechet,31,29.99735135135135,358.0329032258065,0.9029122081784053,0.6774193548387095,11099.02
imagenet,56,layer4,MMD,11,29.99735135135135,1009.0018181818182,0.00012797422289532895,1.505050505050505,11099.02
imagenet,56,layer4,CUSUM,3666,29.99735135135135,3.027555919258047,0.0,747.1783960720131,11099.02
imagenet,56,layer4,EWMA,66,29.99735135135135,168.16696969696972,1.9004386116403337e-08,1.420875420875421,11099.02
imagenet,56,layer4,SPE,91,29.99735135135135,121.96725274725276,5.336124956782661e-19,1.2075702075702077,11099.02
imagenet,56,layer4,CUSUM-R,48,29.99735135135135,231.22958333333335,0.0029715127107608334,0.037037037037037035,11099.02
imagenet,56,vae_latent,KSWIN,25,29.99735135135135,443.9608,0.4169855622387186,0.8222222222222222,11099.02
imagenet,56,vae_latent,KL-Gauss,24,29.99735135135135,462.4591666666667,0.3147097585278856,0.3888888888888889,11099.02
imagenet,56,vae_latent,KL-Hist,28,29.99735135135135,396.3935714285714,0.8065368932206457,1.253968253968254,11099.02
imagenet,56,vae_latent,HDDDM,28,29.99735135135135,396.3935714285714,0.8065368932206457,1.0158730158730158,11099.02
imagenet,56,vae_latent,PSI,31,29.99735135135135,358.0329032258065,0.9029122081784053,1.5376344086021507,11099.02
imagenet,56,vae_latent,T2,7,29.99735135135135,1585.5742857142857,1.0489000075445509e-06,0.6507936507936509,11099.02
imagenet,56,vae_latent,Frechet,39,29.99735135135135,284.5902564102564,0.1295606611505475,2.3048433048433044,11099.02
imagenet,56,vae_latent,MMD,31,29.99735135135135,358.0329032258065,0.9029122081784053,1.6810035842293907,11099.02
imagenet,56,vae_latent,CUSUM,0,29.99735135135135,inf,1.8764881753442784e-13,,11099.02
imagenet,56,vae_latent,EWMA,5,29.99735135135135,2219.804,4.5247465262466983e-08,0.5555555555555556,11099.02
imagenet,56,vae_latent,SPE,12,29.99735135135135,924.9183333333334,0.0003359457050395507,2.3703703703703702,11099.02
imagenet,56,vae_latent,CUSUM-R,0,29.99735135135135,inf,1.8764881753442784e-13,,11099.02
imagenet,56,pixel,VAE,59,29.99735135135135,188.11898305084748,3.7473444492854796e-06,0.43126177024482104,11099.02
imagenet,57,layer1,KSWIN,31,29.99735135135135,358.0329032258065,0.9029122081784053,1.03584229390681,11099.02
imagenet,57,layer1,KL-Gauss,14,29.99735135135135,792.7871428571428,0.001844086339538801,0.6666666666666665,11099.02
imagenet,57,layer1,KL-Hist,22,29.99735135135135,504.5009090909091,0.16127648623203544,1.0909090909090908,11099.02
imagenet,57,layer1,HDDDM,43,29.99735135135135,258.1167441860465,0.029600447151720666,0.46770025839793283,11099.02
imagenet,57,layer1,PSI,21,29.99735135135135,528.5247619047619,0.10898833848711728,0.7883597883597885,11099.02
imagenet,57,layer1,T2,25,29.99735135135135,443.9608,0.4169855622387186,0.4666666666666667,11099.02
imagenet,57,layer1,Frechet,31,29.99735135135135,358.0329032258065,0.9029122081784053,1.0358422939068102,11099.02
imagenet,57,layer1,MMD,30,29.99735135135135,369.96733333333333,1.0,1.6296296296296298,11099.02
imagenet,57,layer1,CUSUM,3089,29.99735135135135,3.593078666235028,0.0,814.7796482140931,11099.02
imagenet,57,layer1,EWMA,27,29.99735135135135,411.07481481481483,0.6660853591059495,0.9094650205761317,11099.02
imagenet,57,layer1,SPE,8,29.99735135135135,1387.3775,4.100225854971944e-06,0.7777777777777778,11099.02
imagenet,57,layer1,CUSUM-R,44,29.99735135135135,252.25045454545455,0.01944347440014765,0.0606060606060606,11099.02
imagenet,57,layer2,KSWIN,43,29.99735135135135,258.1167441860465,0.029600447151720666,1.2428940568475455,11099.02
imagenet,57,layer2,KL-Gauss,40,29.99735135135135,277.4755,0.09240763085168613,0.5555555555555556,11099.02
imagenet,57,layer2,KL-Hist,40,29.99735135135135,277.4755,0.09240763085168613,0.2777777777777778,11099.02
imagenet,57,layer2,HDDDM,21,29.99735135135135,528.5247619047619,0.10898833848711728,0.6825396825396827,11099.02
imagenet,57,layer2,PSI,40,29.99735135135135,277.4755,0.09240763085168613,0.3888888888888889,11099.02
imagenet,57,layer2,T2,50,29.99735135135135,221.9804,0.001035834461630611,0.9333333333333333,11099.02
imagenet,57,layer2,Frechet,50,29.99735135135135,221.9804,0.001035834461630611,0.8444444444444444,11099.02
imagenet,57,layer2,MMD,42,29.99735135135135,264.26238095238097,0.04416006020562359,0.9417989417989417,11099.02
imagenet,57,layer2,CUSUM,0,29.99735135135135,inf,1.8764881753442784e-13,,11099.02
imagenet,57,layer2,EWMA,46,29.99735135135135,241.28304347826088,0.007902886508320215,1.314009661835749,11099.02
imagenet,57,layer2,SPE,34,29.99735135135135,326.44176470588235,0.5107851767205657,1.450980392156863,11099.02
imagenet,57,layer2,CUSUM-R,5,29.99735135135135,2219.804,4.5247465262466983e-08,1.0,11099.02
imagenet,57,layer3,KSWIN,19,29.99735135135135,584.1589473684211,0.043794321786458534,1.6900584795321636,11099.02
imagenet,57,layer3,KL-Gauss,22,29.99735135135135,504.5009090909091,0.16127648623203544,1.1919191919191916,11099.02
imagenet,57,layer3,KL-Hist,25,29.99735135135135,443.9608,0.4169855622387186,1.1777777777777778,11099.02
imagenet,57,layer3,HDDDM,31,29.99735135135135,358.0329032258065,0.9029122081784053,1.0358422939068102,11099.02
imagenet,57,layer3,PSI,24,29.99735135135135,462.4591666666667,0.3147097585278856,2.333333333333333,11099.02
imagenet,57,layer3,T2,35,29.99735135135135,317.11485714285715,0.4051033856438455,0.7777777777777778,11099.02
imagenet,57,layer3,Frechet,42,29.99735135135135,264.26238095238097,0.04416006020562359,0.30687830687830686,11099.02
imagenet,57,layer3,MMD,27,29.99735135135135,411.07481481481483,0.6660853591059495,0.6625514403292181,11099.02
imagenet,57,layer3,CUSUM,6025,29.99735135135135,1.8421609958506224,0.0,508.26417704011067,11099.02
imagenet,57,layer3,EWMA,28,29.99735135135135,396.3935714285714,0.8065368932206457,1.015873015873016,11099.02
imagenet,57,layer3,SPE,168,29.99735135135135,66.06559523809524,1.2751863558715571e-67,0.896825396825397,11099.02
imagenet,57,layer3,CUSUM-R,60,29.99735135135135,184.98366666666666,1.845329536220293e-06,0.07407407407407407,11099.02
imagenet,57,layer4,KSWIN,40,29.99735135135135,277.4755,0.09240763085168613,0.2222222222222222,11099.02
imagenet,57,layer4,KL-Gauss,147,29.99735135135135,75.50353741496599,1.84230904520114e-52,0.48450491307634175,11099.02
imagenet,57,layer4,KL-Hist,26,29.99735135135135,426.8853846153846,0.5349856860331688,0.6153846153846154,11099.02
imagenet,57,layer4,HDDDM,24,29.99735135135135,462.4591666666667,0.3147097585278856,1.1296296296296295,11099.02
imagenet,57,layer4,PSI,30,29.99735135135135,369.96733333333333,1.0,0.6666666666666666,11099.02
imagenet,57,layer4,T2,132,29.99735135135135,84.08348484848486,2.0440084066904803e-42,1.0235690235690236,11099.02
imagenet,57,layer4,Frechet,109,29.99735135135135,101.82587155963303,1.7931026108244828e-28,1.0897043832823647,11099.02
imagenet,57,layer4,MMD,58,29.99735135135135,191.36241379310346,7.4883040612345936e-06,1.103448275862069,11099.02
imagenet,57,layer4,CUSUM,11026,29.99735135135135,1.0066225285688373,0.0,0.48193159602555563,11099.02
imagenet,57,layer4,EWMA,108,29.99735135135135,102.76870370370371,6.53772485504437e-28,0.7777777777777778,11099.02
imagenet,57,layer4,SPE,96,29.99735135135135,115.61479166666668,1.7248280847277585e-21,0.675925925925926,11099.02
imagenet,57,layer4,CUSUM-R,359,29.99735135135135,30.91649025069638,3.4670462025048853e-246,0.14515629835964097,11099.02
imagenet,57,vae_latent,KSWIN,29,29.99735135135135,382.7248275862069,0.9518187558646063,1.3371647509578546,11099.02
imagenet,57,vae_latent,KL-Gauss,108,29.99735135135135,102.76870370370371,6.53772485504437e-28,0.6543209876543209,11099.02
imagenet,57,vae_latent,KL-Hist,29,29.99735135135135,382.7248275862069,0.9518187558646063,1.4904214559386972,11099.02
imagenet,57,vae_latent,HDDDM,38,29.99735135135135,292.07947368421054,0.17786386514626654,1.2163742690058479,11099.02
imagenet,57,vae_latent,PSI,24,29.99735135135135,462.4591666666667,0.3147097585278856,1.8703703703703705,11099.02
imagenet,57,vae_latent,T2,90,29.99735135135135,123.32244444444444,1.6272463205111613e-18,0.5679012345679012,11099.02
imagenet,57,vae_latent,Frechet,142,29.99735135135135,78.16211267605634,4.9038623501790026e-49,0.49765258215962443,11099.02
imagenet,57,vae_latent,MMD,61,29.99735135135135,181.9511475409836,8.944060425081079e-07,1.1821493624772315,11099.02
imagenet,57,vae_latent,CUSUM,10868,29.99735135135135,1.021256900993743,0.0,4.90528769476138,11099.02
imagenet,57,vae_latent,EWMA,76,29.99735135135135,146.03973684210527,2.9404745279751474e-12,0.6198830409356727,11099.02
imagenet,57,vae_latent,SPE,252,29.99735135135135,44.04373015873016,1.7472622898011354e-138,1.2592592592592593,11099.02
imagenet,57,vae_latent,CUSUM-R,127,29.99735135135135,87.39385826771654,3.159260796332067e-39,0.1058617672790901,11099.02
imagenet,57,pixel,VAE,93,29.99735135135135,119.34430107526882,5.555951962785769e-20,1.195937873357228,11099.02
imagenet,58,layer1,KSWIN,29,29.99735135135135,382.7248275862069,0.9518187558646063,0.417624521072797,11099.02
imagenet,58,layer1,KL-Gauss,7,29.99735135135135,1585.5742857142857,1.0489000075445509e-06,0.9682539682539684,11099.02
imagenet,58,layer1,KL-Hist,19,29.99735135135135,584.1589473684211,0.043794321786458534,0.6374269005847953,11099.02
imagenet,58,layer1,HDDDM,28,29.99735135135135,396.3935714285714,0.8065368932206457,1.0158730158730158,11099.02
imagenet,58,layer1,PSI,14,29.99735135135135,792.7871428571428,0.001844086339538801,0.507936507936508,11099.02
imagenet,58,layer1,T2,43,29.99735135135135,258.1167441860465,0.029600447151720666,0.4160206718346254,11099.02
imagenet,58,layer1,Frechet,46,29.99735135135135,241.28304347826088,0.007902886508320215,0.6859903381642513,11099.02
imagenet,58,layer1,MMD,44,29.99735135135135,252.25045454545455,0.01944347440014765,0.616161616161616,11099.02
imagenet,58,layer1,CUSUM,1699,29.99735135135135,6.532678045909359,0.0,843.8695310967234,11099.02
imagenet,58,layer1,EWMA,51,29.99735135135135,217.6278431372549,0.0005948569371677758,0.4117647058823529,11099.02
imagenet,58,layer1,SPE,16,29.99735135135135,693.68875,0.00775565463812534,0.7222222222222224,11099.02
imagenet,58,layer1,CUSUM-R,36,29.99735135135135,308.30611111111114,0.3145269908333174,0.1358024691358025,11099.02
imagenet,58,layer2,KSWIN,28,29.99735135135135,396.3935714285714,0.8065368932206457,1.80952380952381,11099.02
imagenet,58,layer2,KL-Gauss,66,29.99735135135135,168.16696969696972,1.9004386116403337e-08,0.9494949494949497,11099.02
imagenet,58,layer2,KL-Hist,17,29.99735135135135,652.8835294117647,0.014558440263916502,1.7058823529411764,11099.02
imagenet,58,layer2,HDDDM,22,29.99735135135135,504.5009090909091,0.16127648623203544,0.4848484848484849,11099.02
imagenet,58,layer2,PSI,17,29.99735135135135,652.8835294117647,0.014558440263916502,0.5294117647058824,11099.02
imagenet,58,layer2,T2,16,29.99735135135135,693.68875,0.00775565463812534,1.0,11099.02
imagenet,58,layer2,Frechet,39,29.99735135135135,284.5902564102564,0.1295606611505475,1.1082621082621085,11099.02
imagenet,58,layer2,MMD,31,29.99735135135135,358.0329032258065,0.9029122081784053,0.4623655913978494,11099.02
imagenet,58,layer2,CUSUM,5126,29.99735135135135,2.1652399531798676,0.0,600.5467551046949,11099.02
imagenet,58,layer2,EWMA,20,29.99735135135135,554.951,0.07064031112581588,1.5555555555555556,11099.02
imagenet,58,layer2,SPE,6,29.99735135135135,1849.8366666666668,2.3514126953118706e-07,0.44444444444444453,11099.02
imagenet,58,layer2,CUSUM-R,48,29.99735135135135,231.22958333333335,0.0029715127107608334,0.08333333333333333,11099.02
imagenet,58,layer3,KSWIN,28,29.99735135135135,396.3935714285714,0.8065368932206457,0.9365079365079366,11099.02
imagenet,58,layer3,KL-Gauss,24,29.99735135135135,462.4591666666667,0.3147097585278856,0.7592592592592592,11099.02
imagenet,58,layer3,KL-Hist,16,29.99735135135135,693.68875,0.00775565463812534,0.7222222222222222,11099.02
imagenet,58,layer3,HDDDM,32,29.99735135135135,346.844375,0.762341681982474,0.6111111111111112,11099.02
imagenet,58,layer3,PSI,20,29.99735135135135,554.951,0.07064031112581588,0.6666666666666666,11099.02
imagenet,58,layer3,T2,24,29.99735135135135,462.4591666666667,0.3147097585278856,0.6666666666666669,11099.02
imagenet,58,layer3,Frechet,10,29.99735135135135,1109.902,4.477828481067406e-05,0.6666666666666666,11099.02
imagenet,58,layer3,MMD,11,29.99735135135135,1009.0018181818182,0.00012797422289532895,0.8989898989898988,11099.02
imagenet,58,layer3,CUSUM,0,29.99735135135135,inf,1.8764881753442784e-13,,11099.02
imagenet,58,layer3,EWMA,17,29.99735135135135,652.8835294117647,0.014558440263916502,0.5294117647058824,11099.02
imagenet,58,layer3,SPE,10,29.99735135135135,1109.902,4.477828481067406e-05,1.3333333333333333,11099.02
imagenet,58,layer3,CUSUM-R,0,29.99735135135135,inf,1.8764881753442784e-13,,11099.02
imagenet,58,layer4,KSWIN,33,29.99735135135135,336.33393939393943,0.6305684487342333,0.47474747474747475,11099.02
imagenet,58,layer4,KL-Gauss,56,29.99735135135135,198.1967857142857,2.8465683022161507e-05,0.880952380952381,11099.02
imagenet,58,layer4,KL-Hist,23,29.99735135135135,482.56608695652176,0.2294723966414121,0.7777777777777779,11099.02
imagenet,58,layer4,HDDDM,34,29.99735135135135,326.44176470588235,0.5107851767205657,0.7973856209150326,11099.02
imagenet,58,layer4,PSI,22,29.99735135135135,504.5009090909091,0.16127648623203544,0.98989898989899,11099.02
imagenet,58,layer4,T2,23,29.99735135135135,482.56608695652176,0.2294723966414121,1.454106280193237,11099.02
imagenet,58,layer4,Frechet,24,29.99735135135135,462.4591666666667,0.3147097585278856,0.7592592592592592,11099.02
imagenet,58,layer4,MMD,26,29.99735135135135,426.8853846153846,0.5349856860331688,0.9572649572649572,11099.02
imagenet,58,layer4,CUSUM,2813,29.99735135135135,3.9456167792392467,0.0,596.5683532804045,11099.02
imagenet,58,layer4,EWMA,33,29.99735135135135,336.33393939393943,0.6305684487342333,1.2154882154882156,11099.02
imagenet,58,layer4,SPE,30,29.99735135135135,369.96733333333333,1.0,0.8888888888888888,11099.02
imagenet,58,layer4,CUSUM-R,32,29.99735135135135,346.844375,0.762341681982474,0.6111111111111112,11099.02
imagenet,58,vae_latent,KSWIN,26,29.99735135135135,426.8853846153846,0.5349856860331688,1.1282051282051282,11099.02
imagenet,58,vae_latent,KL-Gauss,57,29.99735135135135,194.71964912280703,1.472146458102994e-05,0.5477582846003899,11099.02
imagenet,58,vae_latent,KL-Hist,32,29.99735135135135,346.844375,0.762341681982474,0.8888888888888887,11099.02
imagenet,58,vae_latent,HDDDM,35,29.99735135135135,317.11485714285715,0.4051033856438455,1.0952380952380953,11099.02
imagenet,58,vae_latent,PSI,40,29.99735135135135,277.4755,0.09240763085168613,1.1111111111111112,11099.02
imagenet,58,vae_latent,T2,33,29.99735135135135,336.33393939393943,0.6305684487342333,0.9461279461279462,11099.02
imagenet,58,vae_latent,Frechet,91,29.99735135135135,121.96725274725276,5.336124956782661e-19,0.35286935286935284,11099.02
imagenet,58,vae_latent,MMD,34,29.99735135135135,326.44176470588235,0.5107851767205657,1.124183006535948,11099.02
imagenet,58,vae_latent,CUSUM,0,29.99735135135135,inf,1.8764881753442784e-13,,11099.02
imagenet,58,vae_latent,EWMA,27,29.99735135135135,411.07481481481483,0.6660853591059495,0.9094650205761317,11099.02
imagenet,58,vae_latent,SPE,3,29.99735135135135,3699.6733333333336,9.344397159493781e-10,1.5185185185185184,11099.02
imagenet,58,vae_latent,CUSUM-R,1,29.99735135135135,11099.02,5.8166163277802936e-12,1.0000000000000002,11099.02
imagenet,58,pixel,VAE,13,29.99735135135135,853.7707692307692,0.0008158375220350545,0.5213675213675213,11099.02
imagenet,59,layer1,KSWIN,26,29.99735135135135,426.8853846153846,0.5349856860331688,0.9572649572649572,11099.02
imagenet,59,layer1,KL-Gauss,22,29.99735135135135,504.5009090909091,0.16127648623203544,1.6969696969696968,11099.02
imagenet,59,layer1,KL-Hist,20,29.99735135135135,554.951,0.07064031112581588,1.4444444444444444,11099.02
imagenet,59,layer1,HDDDM,47,29.99735135135135,236.14936170212766,0.00489272363365632,0.900709219858156,11099.02
imagenet,59,layer1,PSI,24,29.99735135135135,462.4591666666667,0.3147097585278856,1.5000000000000002,11099.02
imagenet,59,layer1,T2,22,29.99735135135135,504.5009090909091,0.16127648623203544,1.2929292929292926,11099.02
imagenet,59,layer1,Frechet,42,29.99735135135135,264.26238095238097,0.04416006020562359,0.9947089947089948,11099.02
imagenet,59,layer1,MMD,30,29.99735135135135,369.96733333333333,1.0,0.8888888888888888,11099.02
imagenet,59,layer1,CUSUM,608,29.99735135135135,18.25496710526316,0.0,421.43567251461997,11099.02
imagenet,59,layer1,EWMA,33,29.99735135135135,336.33393939393943,0.6305684487342333,1.3501683501683504,11099.02
imagenet,59,layer1,SPE,38,29.99735135135135,292.07947368421054,0.17786386514626654,1.3333333333333333,11099.02
imagenet,59,layer1,CUSUM-R,45,29.99735135135135,246.6448888888889,0.01251887712071482,0.9012345679012346,11099.02
imagenet,59,layer2,KSWIN,34,29.99735135135135,326.44176470588235,0.5107851767205657,0.4705882352941177,11099.02
imagenet,59,layer2,KL-Gauss,52,29.99735135135135,213.4426923076923,0.0003354812952195311,0.9743589743589742,11099.02
imagenet,59,layer2,KL-Hist,27,29.99735135135135,411.07481481481483,0.6660853591059495,1.9794238683127572,11099.02
imagenet,59,layer2,HDDDM,25,29.99735135135135,443.9608,0.4169855622387186,1.3555555555555556,11099.02
imagenet,59,layer2,PSI,31,29.99735135135135,358.0329032258065,0.9029122081784053,0.82078853046595,11099.02
imagenet,59,layer2,T2,49,29.99735135135135,226.51061224489797,0.001770861896716042,1.3356009070294785,11099.02
imagenet,59,layer2,Frechet,39,29.99735135135135,284.5902564102564,0.1295606611505475,0.8233618233618233,11099.02
imagenet,59,layer2,MMD,28,29.99735135135135,396.3935714285714,0.8065368932206457,0.6984126984126985,11099.02
imagenet,59,layer2,CUSUM,0,29.99735135135135,inf,1.8764881753442784e-13,,11099.02
imagenet,59,layer2,EWMA,29,29.99735135135135,382.7248275862069,0.9518187558646063,0.8773946360153256,11099.02
imagenet,59,layer2,SPE,40,29.99735135135135,277.4755,0.09240763085168613,1.2777777777777777,11099.02
imagenet,59,layer2,CUSUM-R,17,29.99735135135135,652.8835294117647,0.014558440263916502,1.4444444444444444,11099.02
imagenet,59,layer3,KSWIN,27,29.99735135135135,411.07481481481483,0.6660853591059495,1.2386831275720165,11099.02
imagenet,59,layer3,KL-Gauss,54,29.99735135135135,205.53740740740741,0.00010116789905040395,0.37860082304526743,11099.02
imagenet,59,layer3,KL-Hist,29,29.99735135135135,382.7248275862069,0.9518187558646063,0.9540229885057472,11099.02
imagenet,59,layer3,HDDDM,31,29.99735135135135,358.0329032258065,0.9029122081784053,0.8207885304659499,11099.02
imagenet,59,layer3,PSI,26,29.99735135135135,426.8853846153846,0.5349856860331688,0.5299145299145299,11099.02
imagenet,59,layer3,T2,22,29.99735135135135,504.5009090909091,0.16127648623203544,1.898989898989899,11099.02
imagenet,59,layer3,Frechet,29,29.99735135135135,382.7248275862069,0.9518187558646063,0.417624521072797,11099.02
imagenet,59,layer3,MMD,37,29.99735135135135,299.9735135135135,0.23905332585359146,0.4234234234234234,11099.02
imagenet,59,layer3,CUSUM,0,29.99735135135135,inf,1.8764881753442784e-13,,11099.02
imagenet,59,layer3,EWMA,20,29.99735135135135,554.951,0.07064031112581588,0.5555555555555556,11099.02
imagenet,59,layer3,SPE,12,29.99735135135135,924.9183333333334,0.0003359457050395507,1.074074074074074,11099.02
imagenet,59,layer3,CUSUM-R,7,29.99735135135135,1585.5742857142857,1.0489000075445509e-06,0.6507936507936509,11099.02
imagenet,59,layer4,KSWIN,31,29.99735135135135,358.0329032258065,0.9029122081784053,1.10752688172043,11099.02
imagenet,59,layer4,KL-Gauss,20,29.99735135135135,554.951,0.07064031112581588,0.7777777777777778,11099.02
imagenet,59,layer4,KL-Hist,26,29.99735135135135,426.8853846153846,0.5349856860331688,0.6153846153846154,11099.02
imagenet,59,layer4,HDDDM,36,29.99735135135135,308.30611111111114,0.3145269908333174,0.9382716049382716,11099.02
imagenet,59,layer4,PSI,31,29.99735135135135,358.0329032258065,0.9029122081784053,0.6774193548387097,11099.02
imagenet,59,layer4,T2,34,29.99735135135135,326.44176470588235,0.5107851767205657,1.1895424836601305,11099.02
imagenet,59,layer4,Frechet,39,29.99735135135135,284.5902564102564,0.1295606611505475,1.1652421652421654,11099.02
imagenet,59,layer4,MMD,57,29.99735135135135,194.71964912280703,1.472146458102994e-05,1.2884990253411306,11099.02
imagenet,59,layer4,CUSUM,6715,29.99735135135135,1.6528696947133283,0.0,471.78133531893775,11099.02
imagenet,59,layer4,EWMA,43,29.99735135135135,258.1167441860465,0.029600447151720666,1.0878552971576227,11099.02
imagenet,59,layer4,SPE,25,29.99735135135135,443.9608,0.4169855622387186,1.3555555555555556,11099.02
imagenet,59,layer4,CUSUM-R,63,29.99735135135135,176.17492063492065,2.0052937076702767e-07,0.2486772486772487,11099.02
imagenet,59,vae_latent,KSWIN,24,29.99735135135135,462.4591666666667,0.3147097585278856,0.7592592592592592,11099.02
imagenet,59,vae_latent,KL-Gauss,52,29.99735135135135,213.4426923076923,0.0003354812952195311,1.487179487179487,11099.02
imagenet,59,vae_latent,KL-Hist,32,29.99735135135135,346.844375,0.762341681982474,1.097222222222222,11099.02
imagenet,59,vae_latent,HDDDM,14,29.99735135135135,792.7871428571428,0.001844086339538801,0.6666666666666665,11099.02
imagenet,59,vae_latent,PSI,25,29.99735135135135,443.9608,0.4169855622387186,0.8222222222222222,11099.02
imagenet,59,vae_latent,T2,61,29.99735135135135,181.9511475409836,8.944060425081079e-07,0.34426229508196715,11099.02
imagenet,59,vae_latent,Frechet,18,29.99735135135135,616.6122222222223,0.02589541529640437,0.7160493827160495,11099.02
imagenet,59,vae_latent,MMD,22,29.99735135135135,504.5009090909091,0.16127648623203544,0.6868686868686869,11099.02
imagenet,59,vae_latent,CUSUM,10740,29.99735135135135,1.0334283054003726,0.0,11.992758121249741,11099.02
imagenet,59,vae_latent,EWMA,40,29.99735135135135,277.4755,0.09240763085168613,0.6666666666666666,11099.02
imagenet,59,vae_latent,SPE,20,29.99735135135135,554.951,0.07064031112581588,1.0,11099.02
imagenet,59,vae_latent,CUSUM-R,163,29.99735135135135,68.09214723926381,6.660008469350459e-64,0.3142467620995228,11099.02
imagenet,59,pixel,VAE,1,29.99735135135135,11099.02,5.8166163277802936e-12,1.0000000000000002,11099.02
imagenet,60,layer1,KSWIN,36,29.99735135135135,308.30611111111114,0.3145269908333174,1.1234567901234567,11099.02
imagenet,60,layer1,KL-Gauss,18,29.99735135135135,616.6122222222223,0.02589541529640437,0.5925925925925926,11099.02
imagenet,60,layer1,KL-Hist,33,29.99735135135135,336.33393939393943,0.6305684487342333,0.6767676767676768,11099.02
imagenet,60,layer1,HDDDM,28,29.99735135135135,396.3935714285714,0.8065368932206457,0.4603174603174604,11099.02
imagenet,60,layer1,PSI,36,29.99735135135135,308.30611111111114,0.3145269908333174,0.382716049382716,11099.02
imagenet,60,layer1,T2,27,29.99735135135135,411.07481481481483,0.6660853591059495,0.4156378600823045,11099.02
imagenet,60,layer1,Frechet,21,29.99735135135135,528.5247619047619,0.10898833848711728,0.7883597883597884,11099.02
imagenet,60,layer1,MMD,23,29.99735135135135,482.56608695652176,0.2294723966414121,0.7777777777777779,11099.02
imagenet,60,layer1,CUSUM,0,29.99735135135135,inf,1.8764881753442784e-13,,11099.02
imagenet,60,layer1,EWMA,33,29.99735135135135,336.33393939393943,0.6305684487342333,0.7441077441077442,11099.02
imagenet,60,layer1,SPE,15,29.99735135135135,739.9346666666667,0.0039004024098902414,1.962962962962963,11099.02
imagenet,60,layer1,CUSUM-R,4,29.99735135135135,2774.755,7.265351032872022e-09,0.6666666666666666,11099.02
imagenet,60,layer2,KSWIN,19,29.99735135135135,584.1589473684211,0.043794321786458534,0.9883040935672514,11099.02
imagenet,60,layer2,KL-Gauss,10,29.99735135135135,1109.902,4.477828481067406e-05,0.4444444444444444,11099.02
imagenet,60,layer2,KL-Hist,27,29.99735135135135,411.07481481481483,0.6660853591059495,2.308641975308642,11099.02
imagenet,60,layer2,HDDDM,36,29.99735135135135,308.30611111111114,0.3145269908333174,1.6790123456790123,11099.02
imagenet,60,layer2,PSI,39,29.99735135135135,284.5902564102564,0.1295606611505475,3.9002849002848996,11099.02
imagenet,60,layer2,T2,15,29.99735135135135,739.9346666666667,0.0039004024098902414,2.111111111111111,11099.02
imagenet,60,layer2,Frechet,25,29.99735135135135,443.9608,0.4169855622387186,1.1777777777777778,11099.02
imagenet,60,layer2,MMD,34,29.99735135135135,326.44176470588235,0.5107851767205657,0.5359477124183007,11099.02
imagenet,60,layer2,CUSUM,0,29.99735135135135,inf,1.8764881753442784e-13,,11099.02
imagenet,60,layer2,EWMA,17,29.99735135135135,652.8835294117647,0.014558440263916502,1.444444444444444,11099.02
imagenet,60,layer2,SPE,15,29.99735135135135,739.9346666666667,0.0039004024098902414,1.5185185185185184,11099.02
imagenet,60,layer2,CUSUM-R,0,29.99735135135135,inf,1.8764881753442784e-13,,11099.02
imagenet,60,layer3,KSWIN,37,29.99735135135135,299.9735135135135,0.23905332585359146,1.4444444444444444,11099.02
imagenet,60,layer3,KL-Gauss,19,29.99735135135135,584.1589473684211,0.043794321786458534,0.6374269005847955,11099.02
imagenet,60,layer3,KL-Hist,28,29.99735135135135,396.3935714285714,0.8065368932206457,1.253968253968254,11099.02
imagenet,60,layer3,HDDDM,28,29.99735135135135,396.3935714285714,0.8065368932206457,1.015873015873016,11099.02
imagenet,60,layer3,PSI,29,29.99735135135135,382.7248275862069,0.9518187558646063,1.1839080459770115,11099.02
imagenet,60,layer3,T2,18,29.99735135135135,616.6122222222223,0.02589541529640437,0.345679012345679,11099.02
imagenet,60,layer3,Frechet,11,29.99735135135135,1009.0018181818182,0.00012797422289532895,0.898989898989899,11099.02
imagenet,60,layer3,MMD,19,29.99735135135135,584.1589473684211,0.043794321786458534,0.9883040935672516,11099.02
imagenet,60,layer3,CUSUM,1083,29.99735135135135,10.248402585410895,0.0,1083.0,11099.02
imagenet,60,layer3,EWMA,25,29.99735135135135,443.9608,0.4169855622387186,0.4666666666666667,11099.02
imagenet,60,layer3,SPE,8,29.99735135135135,1387.3775,4.100225854971944e-06,1.3333333333333335,11099.02
imagenet,60,layer3,CUSUM-R,35,29.99735135135135,317.11485714285715,0.4051033856438455,0.07936507936507937,11099.02
imagenet,60,layer4,KSWIN,31,29.99735135135135,358.0329032258065,0.9029122081784053,1.7526881720430105,11099.02
imagenet,60,layer4,KL-Gauss,156,29.99735135135135,71.1475641025641,8.257183711178275e-59,0.6153846153846155,11099.02
imagenet,60,layer4,KL-Hist,24,29.99735135135135,462.4591666666667,0.3147097585278856,0.851851851851852,11099.02
imagenet,60,layer4,HDDDM,41,29.99735135135135,270.7078048780488,0.06454531826062763,1.5420054200542004,11099.02
imagenet,60,layer4,PSI,19,29.99735135135135,584.1589473684211,0.043794321786458534,0.28654970760233917,11099.02
imagenet,60,layer4,T2,48,29.99735135135135,231.22958333333335,0.0029715127107608334,1.0555555555555558,11099.02
imagenet,60,layer4,Frechet,72,29.99735135135135,154.15305555555557,1.1572607018676593e-10,0.6111111111111112,11099.02
imagenet,60,layer4,MMD,40,29.99735135135135,277.4755,0.09240763085168613,1.1666666666666667,11099.02
imagenet,60,layer4,CUSUM,0,29.99735135135135,inf,1.8764881753442784e-13,,11099.02
imagenet,60,layer4,EWMA,56,29.99735135135135,198.1967857142857,2.8465683022161507e-05,1.0793650793650795,11099.02
imagenet,60,layer4,SPE,48,29.99735135135135,231.22958333333335,0.0029715127107608334,0.5462962962962963,11099.02
imagenet,60,layer4,CUSUM-R,0,29.99735135135135,inf,1.8764881753442784e-13,,11099.02
imagenet,60,vae_latent,KSWIN,29,29.99735135135135,382.7248275862069,0.9518187558646063,0.417624521072797,11099.02
imagenet,60,vae_latent,KL-Gauss,70,29.99735135135135,158.55742857142857,6.700914822677021e-10,1.3333333333333335,11099.02
imagenet,60,vae_latent,KL-Hist,30,29.99735135135135,369.96733333333333,1.0,1.7777777777777777,11099.02
imagenet,60,vae_latent,HDDDM,39,29.99735135135135,284.5902564102564,0.1295606611505475,0.8233618233618233,11099.02
imagenet,60,vae_latent,PSI,36,29.99735135135135,308.30611111111114,0.3145269908333174,0.9999999999999999,11099.02
imagenet,60,vae_latent,T2,47,29.99735135135135,236.14936170212766,0.00489272363365632,0.8534278959810875,11099.02
imagenet,60,vae_latent,Frechet,56,29.99735135135135,198.1967857142857,2.8465683022161507e-05,0.880952380952381,11099.02
imagenet,60,vae_latent,MMD,29,29.99735135135135,382.7248275862069,0.9518187558646063,1.2605363984674332,11099.02
imagenet,60,vae_latent,CUSUM,5467,29.99735135135135,2.0301847448326322,0.0,608.5645387476374,11099.02
imagenet,60,vae_latent,EWMA,36,29.99735135135135,308.30611111111114,0.3145269908333174,0.9382716049382717,11099.02
imagenet,60,vae_latent,SPE,13,29.99735135135135,853.7707692307692,0.0008158375220350545,0.8632478632478632,11099.02
imagenet,60,vae_latent,CUSUM-R,52,29.99735135135135,213.4426923076923,0.0003354812952195311,0.1623931623931624,11099.02
imagenet,60,pixel,VAE,29,29.99735135135135,382.7248275862069,0.9518187558646063,1.1839080459770117,11099.02
imagenet,61,layer1,KSWIN,15,29.99735135135135,739.9346666666667,0.0039004024098902414,0.9259259259259259,11099.02
imagenet,61,layer1,KL-Gauss,18,29.99735135135135,616.6122222222223,0.02589541529640437,1.3333333333333335,11099.02
imagenet,61,layer1,KL-Hist,22,29.99735135135135,504.5009090909091,0.16127648623203544,0.7878787878787878,11099.02
imagenet,61,layer1,HDDDM,28,29.99735135135135,396.3935714285714,0.8065368932206457,0.7777777777777779,11099.02
imagenet,61,layer1,PSI,24,29.99735135135135,462.4591666666667,0.3147097585278856,1.4074074074074077,11099.02
imagenet,61,layer1,T2,32,29.99735135135135,346.844375,0.762341681982474,0.4027777777777778,11099.02
imagenet,61,layer1,Frechet,24,29.99735135135135,462.4591666666667,0.3147097585278856,1.0370370370370372,11099.02
imagenet,61,layer1,MMD,12,29.99735135135135,924.9183333333334,0.0003359457050395507,0.8888888888888891,11099.02
imagenet,61,layer1,CUSUM,7893,29.99735135135135,1.4061852274166984,0.0,338.9659050917128,11099.02
imagenet,61,layer1,EWMA,33,29.99735135135135,336.33393939393943,0.6305684487342333,0.13804713804713803,11099.02
imagenet,61,layer1,SPE,64,29.99735135135135,173.4221875,9.280046885659637e-08,0.45833333333333326,11099.02
imagenet,61,layer1,CUSUM-R,92,29.99735135135135,120.64152173913044,1.7310570344493344e-19,0.01932367149758454,11099.02
imagenet,61,layer2,KSWIN,33,29.99735135135135,336.33393939393943,0.6305684487342333,1.0808080808080809,11099.02
imagenet,61,layer2,KL-Gauss,9,29.99735135135135,1233.2244444444445,1.4270414025276317e-05,0.851851851851852,11099.02
imagenet,61,layer2,KL-Hist,28,29.99735135135135,396.3935714285714,0.8065368932206457,1.015873015873016,11099.02
imagenet,61,layer2,HDDDM,38,29.99735135135135,292.07947368421054,0.17786386514626654,0.9239766081871346,11099.02
imagenet,61,layer2,PSI,29,29.99735135135135,382.7248275862069,0.9518187558646063,1.0306513409961686,11099.02
imagenet,61,layer2,T2,22,29.99735135135135,504.5009090909091,0.16127648623203544,0.6868686868686869,11099.02
imagenet,61,layer2,Frechet,22,29.99735135135135,504.5009090909091,0.16127648623203544,1.1919191919191918,11099.02
imagenet,61,layer2,MMD,22,29.99735135135135,504.5009090909091,0.16127648623203544,0.98989898989899,11099.02
imagenet,61,layer2,CUSUM,0,29.99735135135135,inf,1.8764881753442784e-13,,11099.02
imagenet,61,layer2,EWMA,24,29.99735135135135,462.4591666666667,0.3147097585278856,0.48148148148148157,11099.02
imagenet,61,layer2,SPE,13,29.99735135135135,853.7707692307692,0.0008158375220350545,1.0341880341880338,11099.02
imagenet,61,layer2,CUSUM-R,26,29.99735135135135,426.8853846153846,0.5349856860331688,0.10256410256410257,11099.02
imagenet,61,layer3,KSWIN,46,29.99735135135135,241.28304347826088,0.007902886508320215,0.782608695652174,11099.02
imagenet,61,layer3,KL-Gauss,18,29.99735135135135,616.6122222222223,0.02589541529640437,0.5925925925925926,11099.02
imagenet,61,layer3,KL-Hist,26,29.99735135135135,426.8853846153846,0.5349856860331688,0.6153846153846154,11099.02
imagenet,61,layer3,HDDDM,20,29.99735135135135,554.951,0.07064031112581588,1.7777777777777777,11099.02
imagenet,61,layer3,PSI,20,29.99735135135135,554.951,0.07064031112581588,0.3333333333333333,11099.02
imagenet,61,layer3,T2,39,29.99735135135135,284.5902564102564,0.1295606611505475,1.393162393162393,11099.02
imagenet,61,layer3,Frechet,34,29.99735135135135,326.44176470588235,0.5107851767205657,1.38562091503268,11099.02
imagenet,61,layer3,MMD,26,29.99735135135135,426.8853846153846,0.5349856860331688,1.982905982905983,11099.02
imagenet,61,layer3,CUSUM,671,29.99735135135135,16.541013412816692,0.0,671.0,11099.02
imagenet,61,layer3,EWMA,34,29.99735135135135,326.44176470588235,0.5107851767205657,0.7973856209150327,11099.02
imagenet,61,layer3,SPE,4,29.99735135135135,2774.755,7.265351032872022e-09,0.6666666666666667,11099.02
imagenet,61,layer3,CUSUM-R,34,29.99735135135135,326.44176470588235,0.5107851767205657,0.07843137254901962,11099.02
imagenet,61,layer4,KSWIN,31,29.99735135135135,358.0329032258065,0.9029122081784053,0.6774193548387095,11099.02
imagenet,61,layer4,KL-Gauss,12,29.99735135135135,924.9183333333334,0.0003359457050395507,2.740740740740741,11099.02
imagenet,61,layer4,KL-Hist,33,29.99735135135135,336.33393939393943,0.6305684487342333,1.0808080808080807,11099.02
imagenet,61,layer4,HDDDM,36,29.99735135135135,308.30611111111114,0.3145269908333174,0.7530864197530865,11099.02
imagenet,61,layer4,PSI,32,29.99735135135135,346.844375,0.762341681982474,1.2361111111111112,11099.02
imagenet,61,layer4,T2,37,29.99735135135135,299.9735135135135,0.23905332585359146,1.084084084084084,11099.02
imagenet,61,layer4,Frechet,27,29.99735135135135,411.07481481481483,0.6660853591059495,0.8271604938271605,11099.02
imagenet,61,layer4,MMD,31,29.99735135135135,358.0329032258065,0.9029122081784053,0.6057347670250897,11099.02
imagenet,61,layer4,CUSUM,4663,29.99735135135135,2.3802316105511476,0.0,667.6674768270308,11099.02
imagenet,61,layer4,EWMA,41,29.99735135135135,270.7078048780488,0.06454531826062763,1.4336043360433603,11099.02
imagenet,61,layer4,SPE,35,29.99735135135135,317.11485714285715,0.4051033856438455,1.222222222222222,11099.02
imagenet,61,layer4,CUSUM-R,50,29.99735135135135,221.9804,0.001035834461630611,0.08888888888888888,11099.02
imagenet,61,vae_latent,KSWIN,74,29.99735135135135,149.98675675675676,1.893781489351565e-11,1.147147147147147,11099.02
imagenet,61,vae_latent,KL-Gauss,2,29.99735135135135,5549.51,9.024367440287364e-11,0.8888888888888892,11099.02
imagenet,61,vae_latent,KL-Hist,26,29.99735135135135,426.8853846153846,0.5349856860331688,1.47008547008547,11099.02
imagenet,61,vae_latent,HDDDM,16,29.99735135135135,693.68875,0.00775565463812534,1.277777777777778,11099.02
imagenet,61,vae_latent,PSI,30,29.99735135135135,369.96733333333333,1.0,1.1111111111111112,11099.02
imagenet,61,vae_latent,T2,75,29.99735135135135,147.98693333333333,7.51085495620645e-12,0.9259259259259259,11099.02
imagenet,61,vae_latent,Frechet,25,29.99735135135135,443.9608,0.4169855622387186,0.8222222222222222,11099.02
imagenet,61,vae_latent,MMD,43,29.99735135135135,258.1167441860465,0.029600447151720666,0.9844961240310078,11099.02
imagenet,61,vae_latent,CUSUM,9614,29.99735135135135,1.1544643228624922,0.0,133.21503363150958,11099.02
imagenet,61,vae_latent,EWMA,75,29.99735135135135,147.98693333333333,7.51085495620645e-12,1.9333333333333333,11099.02
imagenet,61,vae_latent,SPE,24,29.99735135135135,462.4591666666667,0.3147097585278856,0.4814814814814816,11099.02
imagenet,61,vae_latent,CUSUM-R,198,29.99735135135135,56.05565656565657,3.2333137286445645e-91,0.031425364758698095,11099.02
imagenet,61,pixel,VAE,69,29.99735135135135,160.85536231884058,1.5795012618971514e-09,0.6908212560386473,11099.02
